INTL_20160512_000001	インスタンスダンジョン、ミッション1回追加入場	인던,미션 1회 추가입장				
INTL_20160512_000002	完璧な翻訳家	완벽한 번역가				
INTL_20160512_000003	完璧な翻訳を提供してくれたユーザーに与えられる称号です。	완변한 번역을 지원해준 유저를 위해 주어지는 칭호입니다.				
INTL_20160512_000004	- 特性スキル2種同時修練可能{nl} - マーケット販売手数料割引(30%{img white_right_arrow 16 16}10%){nl} - マーケット販売登録アイテム数 5個{nl} - キャラクター移動速度 +3{nl} - ミッション、ダンジョン1回追加入場{nl} - 最大バフ適用数アップ{nl} - プレミアムポーズ使用可能{nl}	- 특성 스킬 2개 동시 수련 가능{nl} - 마켓 판매 수수료율 감소(30%{img white_right_arrow 16 16}10%){nl} - 마켓 판매 등록 아이템 개수 5개{nl} - 캐릭터 이동속도 +3{nl} - 미션,던전 1회 추가입장{nl} - 최대 버프 적용 개수 증가{nl} - 프리미엄 제스쳐 사용 가능{nl}				
INTL_20160512_000005	トークン:60日	토큰:60일				
INTL_20160512_000006	右クリックで使用すると、サーバー内の全キャラクターに使用時点から60日間特典が適用されます。{nl}[トークン効果]{nl} - 特性即時修練可能{nl} - マーケット販売手数料割引(30%{img white_right_arrow 16 16}10%){nl} - マーケット販売登録アイテム数 10個{nl} - キャラクター移動速度 +3アップ{nl} - モンスター退治経験値 +20%アップ{nl}(POPOショップ特典、経験の書効果との重複可能){nl} - プレミアムポーズ使用可能{nl} - 最大バフ適用数アップ{nl} - 個人取引60回可能	마우스 우클릭 시 사용되며 서버 내 모든 캐릭터에 사용 시점으로부터 60일간 혜택이 적용됩니다.{nl}[토큰 효과]{nl} - 특성 즉시 수련 가능{nl} - 마켓 판매 수수료율 감소(30%{img white_right_arrow 16 16}10%){nl} - 마켓 판매 등록 아이템 개수 9개{nl} - 캐릭터 이동속도 +3 증가{nl} - 몬스터 처치 시 경험치 +20% 증가{nl}(PC방 혜택, 경험의 서 효과와 중첩 가능){nl} - 프리미엄 제스쳐 사용 가능{nl} - 최대 버프 적용 개수 증가{nl} - 개인 거래 60회 가능				
INTL_20160512_000007	右クリックで使用すると、アイテムを獲得できます。{nl} - 650 TP{nl} - トークン(60日){nl} - ヘアアクセサリ - ポポリオン人形{nl} - ヘアアクセサリ - ハナミン人形{nl} - ホグランコンパニオン交換券{nl} - ステータス初期化ポーション{nl} - スキル初期化ポーション{nl}	마우스 우클릭 시 사용되며 구성물을 획득할 수 있습니다.{nl} - 650 TP{nl} - 토큰(60일){nl} - 헤어 악세서리 - 포포리온 인형{nl} - 헤어 악세서리 - 하나밍 인형{nl} - 호글란 컴패니언 교환권{nl} - 스탯초기화 포션{nl} - 스킬 초기화 포션{nl}				
INTL_20160512_000008	使用すると650TPを獲得します。	사용 시 650 TP를 획득합니다.				
INTL_20160512_000009	使用すると380TPを獲得します。	사용 시 380 TP를 획득합니다.				
INTL_20160512_000010	使用すると160TPを獲得します。	사용 시 160 TP를 획득합니다.				
INTL_20160512_000011	右クリックで使用すると、アイテムを獲得できます。{nl} - 380 TP{nl} - トークン (30日){nl} - ヘアアクセサリ - ポポリオン人形{nl}	마우스 우클릭 시 사용되며 구성물을 획득할 수 있습니다.{nl} - 380 TP{nl} - 토큰 (30일){nl} - 헤어 악세서리 - 포포리온 인형{nl}				
INTL_20160512_000012	右クリックで使用すると、アイテムを獲得できます。{nl} - 160 TP{nl}	마우스 우클릭 시 사용되며 구성물을 획득할 수 있습니다.{nl} - 160 TP{nl}				
INTL_20160512_000013	使用すると50TPを獲得します。使用してキャラクターインベントリから受け取ると、キャンセルできません。	사용 시 50 TP를 획득합니다. 사용하여 캐릭터 인벤토리에서 수령 시 청약철회가 불가능 합니다.				
INTL_20160512_000014	右クリックで使用すると、サーバー内の全キャラクターに使用時点から30日間特典が適用されます。{nl}[トークン効果]{nl} - 特性即時修練可能{nl} - マーケット販売手数料割引(30%{img white_right_arrow 16 16}10%){nl} - マーケット販売登録アイテム数 10個{nl} - キャラクター移動速度 +3アップ{nl} - モンスター退治経験値 +30%アップ{nl}(経験の書効果との重複可能){nl} - プレミアムポーズ使用可能{nl} - 最大バフ適用数アップ{nl} - 個人取引30回可能{nl} - ミッション、ダンジョン1回追加入場	마우스 우클릭 시 사용되며 서버 내 모든 캐릭터에 사용 시점으로부터 30일간 혜택이 적용됩니다.{nl}[토큰 효과]{nl} - 특성 즉시 수련 가능{nl} - 마켓 판매 수수료율 감소(30%{img white_right_arrow 16 16}10%){nl} - 마켓 판매 등록 아이템 개수 9개{nl} - 캐릭터 이동속도 +3 증가{nl} - 몬스터 처치 시 경험치 +30% 증가{nl}(PC방 혜택, 경험의 서 효과와 중첩 가능){nl} - 프리미엄 제스쳐 사용 가능{nl} - 최대 버프 적용 개수 증가{nl} - 개인 거래 30회 가능{nl} - 개인 거래 횟수 30회{nl} - 미션,던전 1회 추가입장				
INTL_20160512_000015	右クリックで使用すると、サーバー内の全キャラクターに使用時点から60日間特典が適用されます。{nl}[トークン効果]{nl} - 特性即時修練可能{nl} - マーケット販売手数料割引(30%{img white_right_arrow 16 16}10%){nl} - マーケット販売登録アイテム数 10個{nl} - キャラクター移動速度 +3アップ{nl} - モンスター退治経験値 +30%アップ{nl}(経験の書効果との重複可能){nl} - プレミアムポーズ使用可能{nl} - 最大バフ適用数アップ{nl} - 個人取引60回可能{nl} - ミッション、ダンジョン1回追加入場	마우스 우클릭 시 사용되며 서버 내 모든 캐릭터에 사용 시점으로부터 60일간 혜택이 적용됩니다.{nl}[토큰 효과]{nl} - 특성 스킬 즉시 수련 가능{nl} - 마켓 판매 수수료율 감소(30%{img white_right_arrow 16 16}10%){nl} - 마켓 판매 등록 아이템 개수 9개{nl} - 캐릭터 이동속도 +3 증가{nl} - 몬스터 처치 시 경험치 +30% 증가{nl}(PC방 혜택, 경험의 서 효과와 중첩 가능){nl} - 프리미엄 제스쳐 사용 가능{nl} - 최대 버프 적용 개수 증가{nl} - 개인 거래 60회 가능{nl} - 미션,던전 추가 1회 추가입장				
INTL_20160512_000016	魔法付与スクロール10個箱	마법 부여 스크롤 10개 상자				
INTL_20160512_000017	使用すると魔法付与スクロールを10個獲得します。右クリックで使用できます。	사용 시 마법 부여 스크롤 10개를 획득합니다. 마우스 우클릭으로 사용합니다.				
INTL_20160512_000018	メガホン10個箱	확성기 10개 상자				
INTL_20160512_000019	使用するとメガホンを10個獲得します。右クリックで使用できます。	사용 시 확성기 10개를 획득합니다. 마우스 우클릭으로 사용합니다.				
INTL_20160512_000020	使用すると455TPを獲得します。	사용 시 455 TP를 획득합니다.				
INTL_20160512_000021	使用すると266TPを獲得します。	사용 시 266 TP를 획득합니다.				
INTL_20160512_000022	使用すると112TPを獲得します。	사용 시 112 TP를 획득합니다.				
INTL_20160512_000023	右クリックで使用すると、アイテムを獲得できます。{nl} - 190TP{nl} - トークン - プレゼント(15日){nl} - 高濃縮HP/SPポーション20個{nl} - ソウルクリスタル15個{nl} - メガホン15個{nl} - ワープスクロール15個{nl}	마우스 우클릭 시 사용되며 구성물을 획득할 수 있습니다.{nl} - 190 TP{nl} - 토큰 - 증정용 (15일){nl} - 고농축 HP/SP포션 20개{nl} - 소울크리스탈 15개{nl} - 확성기 15개{nl} - 워프주문서 15개{nl}				
INTL_20160512_000024	使用すると190TPを獲得します。	사용 시 190 TP를 획득합니다.				
INTL_20160512_000025	右クリックで使用すると、アイテムを獲得できます。{nl} - トークン (30日){nl} - 魔法付与スクロール X 4{nl} - インスタンスダンジョン入場回数初期化券 X 5{nl}	마우스 우클릭 시 사용되며 구성물을 획득할 수 있습니다.{nl} - 토큰 (30일){nl} - 마법 부여 스크롤 X 4{nl} - 인던 입장 횟수 초기화권 X 5{nl}				
INTL_20160512_000026	ホグラン交換券	호글란 교환권				
INTL_20160512_000027	コンパニオン商店でホグランと交換できます。	컴패니언 상점에서 호글란으로 교환할 수 있습니다.				
INTL_20160512_000028	攻撃力#{CaptionRatio}#%アップ{nl}特性追加ダメージ#{CaptionRatio2}#{nl}持続時間10秒	공격력 #{CaptionRatio}#% 증가{nl}특성 추가 대미지 #{CaptionRatio2}#{nl}지속시간 10초				
INTL_20160512_000029	トークン:30日	토큰:30일				
INTL_20160722_000030	右クリックで使用すると、サーバー内の全キャラクターに使用時点から30日間特典が適用されます。{nl}[トークン効果]{nl} - 特性スキル即時修練可能{nl} - マーケット販売手数料割引(30%{img white_right_arrow 16 16}10%){nl} - マーケット販売登録アイテム数 10個{nl} - キャラクター移動速度 +3アップ{nl} - モンスター退治経験値 +30%アップ{nl}(経験の書効果との重複可能){nl} - プレミアムポーズ使用可能{nl} - 個人取引回数 30回{nl} - ミッション、ダンジョン1回追加入場	마우스 우클릭 시 사용되며 서버 내 모든 캐릭터에 사용 시점으로부터 30일간 혜택이 적용됩니다.{nl}[토큰 효과]{nl} - 특성 스킬 2개 동시 수련 가능{nl} - 마켓 판매 수수료율 감소(30%{img white_right_arrow 16 16}10%){nl} - 마켓 판매 등록 아이템 개수 9개{nl} - 캐릭터 이동속도 +3 증가{nl} - 몬스터 처치 시 경험치 +30% 증가{nl}(PC방 혜택, 경험의 서 효과와 중첩 가능){nl} - 프리미엄 제스쳐 사용 가능{nl} - 개인 거래 30회 가능{nl} - 개인 거래 횟수 30회{nl} - 미션,던전 1회 추가입장				
INTL_20160722_000031	右クリックで使用すると、サーバー内の全キャラクターに使用時点から60日間特典が適用されます。{nl}[トークン効果]{nl} - 特性即時修練可能{nl} - マーケット販売手数料割引(30%{img white_right_arrow 16 16}10%){nl} - マーケット販売登録アイテム数 10個{nl} - キャラクター移動速度 +3アップ{nl} - モンスター退治経験値 +30%アップ{nl}(経験の書効果との重複可能){nl} - プレミアムポーズ使用可能{nl} - 最大バフ適用数アップ{nl} - 個人取引 60回可能{nl} - ミッション、ダンジョン1回追加入場	마우스 우클릭 시 사용되며 서버 내 모든 캐릭터에 사용 시점으로부터 60일간 혜택이 적용됩니다.{nl}[토큰 효과]{nl} - 특성 즉시 수련 가능{nl} - 마켓 판매 수수료율 감소(30%{img white_right_arrow 16 16}10%){nl} - 마켓 판매 등록 아이템 개수 9개{nl} - 캐릭터 이동속도 +3 증가{nl} - 몬스터 처치 시 경험치 +30% 증가{nl}(PC방 혜택, 경험의 서 효과와 중첩 가능){nl} - 프리미엄 제스쳐 사용 가능{nl} - 최대 버프 적용 개수 증가{nl} - 개인 거래 60회 가능{nl} - 미션,던전 1회 추가입장	INTL_20160512_000006	右クリックで使用すると、サーバー内の全キャラクターに使用時点から60日間特典が適用されます。{nl}[トークン効果]{nl} - 特性即時修練可能{nl} - マーケット販売手数料割引(30%{img white_right_arrow 16 16}10%){nl} - マーケット販売登録アイテム数 10個{nl} - キャラクター移動速度 +3アップ{nl} - モンスター退治経験値 +20%アップ{nl}(POPOショップ特典、経験の書効果との重複可能){nl} - プレミアムポーズ使用可能{nl} - 最大バフ適用数アップ{nl} - 個人取引60回可能	마우스 우클릭 시 사용되며 서버 내 모든 캐릭터에 사용 시점으로부터 60일간 혜택이 적용됩니다.{nl}[토큰 효과]{nl} - 특성 즉시 수련 가능{nl} - 마켓 판매 수수료율 감소(30%{img white_right_arrow 16 16}10%){nl} - 마켓 판매 등록 아이템 개수 9개{nl} - 캐릭터 이동속도 +3 증가{nl} - 몬스터 처치 시 경험치 +20% 증가{nl}(PC방 혜택, 경험의 서 효과와 중첩 가능){nl} - 프리미엄 제스쳐 사용 가능{nl} - 최대 버프 적용 개수 증가{nl} - 개인 거래 60회 가능	
INTL_20160722_000032	右クリックで使用すると、サーバー内の全キャラクターに使用時点から30日間特典が適用されます。{nl}[トークン効果]{nl} - 特性即時修練可能{nl} - マーケット販売手数料割引(30%{img white_right_arrow 16 16}10%){nl} - マーケット販売登録アイテム数 10個{nl} - キャラクター移動速度 +3アップ{nl} - モンスター退治経験値 +30%アップ{nl}(経験の書効果との重複可能){nl} - プレミアムポーズ使用可能{nl} - 最大バフ適用数アップ{nl} - 個人取引 30回可能{nl} - ミッション、ダンジョン1回追加入場	마우스 우클릭 시 사용되며 서버 내 모든 캐릭터에 사용 시점으로부터 30일간 혜택이 적용됩니다.{nl}[토큰 효과]{nl} - 특성 즉시 수련 가능{nl} - 마켓 판매 수수료율 감소(30%{img white_right_arrow 16 16}10%){nl} - 마켓 판매 등록 아이템 개수 9개{nl} - 캐릭터 이동속도 +3 증가{nl} - 몬스터 처치 시 경험치 +30% 증가{nl}(PC방 혜택, 경험의 서 효과와 중첩 가능){nl} - 프리미엄 제스쳐 사용 가능{nl} - 최대 버프 적용 개수 증가{nl} - 개인 거래 30회 가능{nl} - 미션,던전 1회 추가입장	INTL_20160512_000014	右クリックで使用すると、サーバー内の全キャラクターに使用時点から30日間特典が適用されます。{nl}[トークン効果]{nl} - 特性即時修練可能{nl} - マーケット販売手数料割引(30%{img white_right_arrow 16 16}10%){nl} - マーケット販売登録アイテム数 10個{nl} - キャラクター移動速度 +3アップ{nl} - モンスター退治経験値 +30%アップ{nl}(経験の書効果との重複可能){nl} - プレミアムポーズ使用可能{nl} - 最大バフ適用数アップ{nl} - 個人取引30回可能{nl} - ミッション、ダンジョン1回追加入場	마우스 우클릭 시 사용되며 서버 내 모든 캐릭터에 사용 시점으로부터 30일간 혜택이 적용됩니다.{nl}[토큰 효과]{nl} - 특성 즉시 수련 가능{nl} - 마켓 판매 수수료율 감소(30%{img white_right_arrow 16 16}10%){nl} - 마켓 판매 등록 아이템 개수 9개{nl} - 캐릭터 이동속도 +3 증가{nl} - 몬스터 처치 시 경험치 +30% 증가{nl}(PC방 혜택, 경험의 서 효과와 중첩 가능){nl} - 프리미엄 제스쳐 사용 가능{nl} - 최대 버프 적용 개수 증가{nl} - 개인 거래 30회 가능{nl} - 개인 거래 횟수 30회{nl} - 미션,던전 1회 추가입장	
INTL_20160722_000033	右クリックで使用すると、サーバー内の全キャラクターに使用時点から60日間特典が適用されます。{nl}[トークン効果]{nl} - 特性スキル即時修練可能{nl} - マーケット販売手数料割引(30%{img white_right_arrow 16 16}10%){nl} - マーケット販売登録アイテム数 10個{nl} - キャラクター移動速度 +3アップ{nl} - モンスター退治経験値 +30%アップ{nl}(経験の書効果との重複可能){nl} - プレミアムポーズ使用可能{nl} - 最大バフ適用数アップ{nl} - ミッション、ダンジョン1回追加入場	마우스 우클릭 시 사용되며 서버 내 모든 캐릭터에 사용 시점으로부터 60일간 혜택이 적용됩니다.{nl}[토큰 효과]{nl} - 특성 스킬 즉시 수련 가능{nl} - 마켓 판매 수수료율 감소(30%{img white_right_arrow 16 16}10%){nl} - 마켓 판매 등록 아이템 개수 9개{nl} - 캐릭터 이동속도 +3 증가{nl} - 몬스터 처치 시 경험치 +30% 증가{nl}(PC방 혜택, 경험의 서 효과와 중첩 가능){nl} - 프리미엄 제스쳐 사용 가능{nl} - 최대 버프 적용 개수 증가{nl} - 미션,던전 추가 1회 추가입장				
INTL_20161104_000034	マーケット販売シルバー代金ディレイ24時間	마켓 판매 실버대금 딜레이 24시간.				
INTL_20161104_000035	トークン専用販売シルバー代金ディレイ1時間	토큰전용 판매실버대금 1시간.				
INTL_20161107_000036	ベレー帽	베레모				
INTL_20161124_000037	ポータル	포 탈				
INTL_20161201_000038	トークン利用者は上/下値に影響を受けません。	토큰 사용자는 상/하안가에 영향을 받지 않는다.				
INTL_20170201_000039	ChatServer へ MemoryDump txtファイル保存の可否。1なら使用。	ChatServer에 MemoryDump txt 파일 저장 여부. 1이면 사용				
INTL_20170524_000040	警備隊長の青帽子	푸른색 경비모				
INTL_20170524_000041	国内で治安業務を行う際、兵士たちが着用する帽子です。{nl}リサイクルショップでメダルと交換できます。	치안 업무를 담당하는 병사들이 근무시 착용하는 푸른색 모자입니다.{nl}리사이클샵에서 메달로 교환 가능합니다.				
INTL_20170524_000042	一粒一粒がキラキラと輝いているような新鮮なイクラをこぼれ落ちそうな程、詰め込みました。食べるときは注意が必要です。{nl}リサイクルショップでメダルと交換できます。	연어알을 한 입 깨물면 기름진 생선 향이 베어 나온다.{nl}리사이클샵에서 메달로 교환 가능합니다.				
INTL_20170601_000043	右クリックで使用すると、サーバー内の全キャラクターに使用時点から30日間特典が適用されます。キャラクター情報ウィンドウで残り時間を確認することができます。{nl}[トークン効果]{nl} - 特性即時修練可能{nl} - マーケット販売手数料割引(30%{img white_right_arrow 16 16}10%){nl} - マーケット販売登録アイテム数10個{nl} - マーケット上/下限価関係なくアイテム登録可能{nl} - マーケット売上金即時受取{nl} - キャラクター移動速度+3アップ{nl} - モンスター討伐時、経験値+30%アップ{nl}(各種経験値ボーナス効果と重複可能){nl} - チーム倉庫利用可能{nl} - プレミアムジェスチャー使用可能{nl} - 最大バフ適用数増加{nl} - 個人取引30回可能	오른쪽 클릭으로 사용하면 서버의 모든 캐릭터에게 사용 시점부터 30 일간 혜택이 적용됩니다. 캐릭터 정보 창에서 남은 시간을 확인할 수 있습니다. {nl} 토큰 효과] {nl} - 특성 즉시 수련 가능 {nl} - 시장 판매 수수료 할인 (30 % {img white_right_arrow 16 16} 10 %) {nl} - 시장 판매 등록 상품 수 10 개 {nl} - 마켓에서 / 하한가 관계없이 아이템 등록 가능 {nl} - 마켓 수익금 즉시 수취 {nl} - 캐릭터 이동 속도 +3 업 {nl} - 몬스터 사냥시 경험치 + 30 % 증가 {nl} (각종 경험치 보너스 효과와 중복 가능) {nl} - 팀 창고 이용 가능 {nl} - 프리미엄 제스처 사용 가능 {nl} - 최대 버프 적용 수 증가 {nl} - 개인 거래 30 회 가능	INTL_20160722_000030	右クリックで使用すると、サーバー内の全キャラクターに使用時点から30日間特典が適用されます。{nl}[トークン効果]{nl} - 特性スキル即時修練可能{nl} - マーケット販売手数料割引(30%{img white_right_arrow 16 16}10%){nl} - マーケット販売登録アイテム数 10個{nl} - キャラクター移動速度 +3アップ{nl} - モンスター退治経験値 +30%アップ{nl}(経験の書効果との重複可能){nl} - プレミアムポーズ使用可能{nl} - 個人取引回数 30回{nl} - ミッション、ダンジョン1回追加入場	마우스 우클릭 시 사용되며 서버 내 모든 캐릭터에 사용 시점으로부터 30일간 혜택이 적용됩니다.{nl}[토큰 효과]{nl} - 특성 스킬 2개 동시 수련 가능{nl} - 마켓 판매 수수료율 감소(30%{img white_right_arrow 16 16}10%){nl} - 마켓 판매 등록 아이템 개수 9개{nl} - 캐릭터 이동속도 +3 증가{nl} - 몬스터 처치 시 경험치 +30% 증가{nl}(PC방 혜택, 경험의 서 효과와 중첩 가능){nl} - 프리미엄 제스쳐 사용 가능{nl} - 개인 거래 30회 가능{nl} - 개인 거래 횟수 30회{nl} - 미션,던전 1회 추가입장	
INTL_20170622_000044	素早く簡単にパンを焼くための道具。焼けたときにはいい音がします。{nl}リサイクルショップでメダルと交換できます。	쉽게 빠르게 빵을 굽는 도구입니다.{nl} 리사이클샵에서 메달로 교환 가능합니다.				
INTL_20170622_000045	貝殻でできた髪飾り。暑い時期にはひんやりとしていい感じです。{nl}リサイクルショップでメダルと交換できます。	조개 껍질로 제작된 머리 장식입니다.{nl} 리사이클샵에서 메달로 교환 가능합니다.				
INTL_20170622_000046	ティルトルビーがデザインした世界樹の彫刻の髪飾り。なんだか荘厳な気持ちになる。{nl}リサイクルショップでメダルと交換できます。	딥디르비가 만든 착용 가능한 세계수 조각 머리 장식입니다.{nl} 리사이클샵에서 메달로 교환 가능합니다.				
INTL_20170626_000047	うさぎ好きたちは、丸まったうさ耳と伸びたうさ耳のどっちが可愛いかについて、夜な夜な熱く語ったりしています。{nl}リサイクルショップでメダルと交換できます。	호사가들은 펴진 토끼귀와 굽어있는 토끼귀중에 어느것이 더 귀여운지 논쟁을 벌이곤 합니다.{nl} 리사이클샵에서 메달로 교환 가능합니다.				
INTL_20170831_000048	ペンギンのヘアコスチュームです。この愛らしさに言葉は必要ありません。	펭귄 장식입니다. 따로 무슨 말이 더 필요할까요. 누가 봐도 귀여울 것입니다.				
INTL_20170908_000049	現在の地域で戦闘不能になると、所持中のジェム、カード、シルバー等、一部アイテムが消滅する場合があります。	현재 지역에서 전투 불능 시, 소지 중인 젬, 카드, 실버 등의 일부를 유실할 수 있습니다.				
INTL_20170919_000050	右クリックで使用すると、サーバー内の全キャラクターに使用時点から30日間特典が適用されます。キャラクター情報ウィンドウで残り時間を確認することができます。{nl}[トークン効果]{nl} - 特性即時修練可能{nl} - マーケット販売手数料割引(30%{img white_right_arrow 16 16}10%){nl} - マーケット販売登録アイテム数10個{nl} - マーケット上/下限価関係なくアイテム登録可能{nl} - マーケット売上金即時受取{nl} - キャラクター移動速度+3アップ{nl} - モンスター討伐時、経験値+30%アップ{nl}(各種経験値ボーナス効果と重複可能){nl} - チーム倉庫利用可能{nl} - プレミアムジェスチャー使用可能{nl} - 最大バフ適用数増加{nl} - 個人取引30回可能{nl} - サルラス修道女院ミッション完了報酬 +1	오른쪽 클릭으로 사용하면 서버의 모든 캐릭터에게 사용 시점부터 30 일간 혜택이 적용됩니다. 캐릭터 정보 창에서 남은 시간을 확인할 수 있습니다. {nl} 토큰 효과] {nl} - 특성 즉시 수련 가능 {nl} - 시장 판매 수수료 할인 (30 % {img white_right_arrow 16 16} 10 %) {nl} - 시장 판매 등록 상품 수 10 개 {nl} - 마켓에서 / 하한가 관계없이 아이템 등록 가능 {nl} - 마켓 수익금 즉시 수취 {nl} - 캐릭터 이동 속도 +3 업 {nl} - 몬스터 사냥시 경험치 + 30 % 증가 {nl} (각종 경험치 보너스 효과와 중복 가능) {nl} - 팀 창고 이용 가능 {nl} - 프리미엄 제스처 사용 가능 {nl} - 최대 버프 적용 수 증가 {nl} - 개인 거래 30 회 가능 {nl} - 살러스 수녀원 미션 완료 보상 +1	INTL_20170601_000043	右クリックで使用すると、サーバー内の全キャラクターに使用時点から30日間特典が適用されます。キャラクター情報ウィンドウで残り時間を確認することができます。{nl}[トークン効果]{nl} - 特性即時修練可能{nl} - マーケット販売手数料割引(30%{img white_right_arrow 16 16}10%){nl} - マーケット販売登録アイテム数10個{nl} - マーケット上/下限価関係なくアイテム登録可能{nl} - マーケット売上金即時受取{nl} - キャラクター移動速度+3アップ{nl} - モンスター討伐時、経験値+30%アップ{nl}(各種経験値ボーナス効果と重複可能){nl} - チーム倉庫利用可能{nl} - プレミアムジェスチャー使用可能{nl} - 最大バフ適用数増加{nl} - 個人取引30回可能	오른쪽 클릭으로 사용하면 서버의 모든 캐릭터에게 사용 시점부터 30 일간 혜택이 적용됩니다. 캐릭터 정보 창에서 남은 시간을 확인할 수 있습니다. {nl} 토큰 효과] {nl} - 특성 즉시 수련 가능 {nl} - 시장 판매 수수료 할인 (30 % {img white_right_arrow 16 16} 10 %) {nl} - 시장 판매 등록 상품 수 10 개 {nl} - 마켓에서 / 하한가 관계없이 아이템 등록 가능 {nl} - 마켓 수익금 즉시 수취 {nl} - 캐릭터 이동 속도 +3 업 {nl} - 몬스터 사냥시 경험치 + 30 % 증가 {nl} (각종 경험치 보너스 효과와 중복 가능) {nl} - 팀 창고 이용 가능 {nl} - 프리미엄 제스처 사용 가능 {nl} - 최대 버프 적용 수 증가 {nl} - 개인 거래 30 회 가능	
INTL_20171130_000051	冒険日誌1～10位ランキング報酬(1日)	모험일지 1위~10위 랭킹 보상 상자 (1일)				
INTL_20171130_000052	冒険日誌11～100位ランキング報酬(1日)	모험일지 11위~100위 랭킹 보상 상자 (1일)				
INTL_20171130_000053	右クリックで使用します。{nl} - コンパニオン交換券×7枚{nl} - x4経験の書×3個{nl} - 特性ポイント1,000(冒険日誌報酬)×1個{nl} - インスタンスダンジョン倍数トークン×3個{nl} - 300,000シルバー	마우스 우클릭으로 사용할 수 있습니다. 사용시 상자의 내용물을 획득할 수 있습니다.{nl} - 컴패니언 교환권 6장{nl} - x4 경험의 서 3개 {nl} - 특성 포인트 1,000(모험일지 보상) 1개 {nl} - 인스턴스 던전 배수 토큰 3개 {nl} - 실버 300,000 				
INTL_20171130_000054	冒険日誌101～200位ランキング報酬(1日)	모험일지 101위~200위 랭킹 보상 상자 (1일)				
INTL_20171130_000055	右クリックで使用します。{nl} - コンパニオン交換券×5枚{nl} - x4経験の書×2個{nl} - 特性ポイント500(冒険日誌報酬)×1個{nl} - インスタンスダンジョン倍数トークン×2個{nl} - 200,000シルバー	마우스 우클릭으로 사용할 수 있습니다. 사용시 상자의 내용물을 획득할 수 있습니다.{nl} - 컴패니언 교환권 5장{nl} - x4 경험의 서 2개 {nl} - 특성 포인트 500(모험일지 보상) 1개 {nl} - 인스턴스 던전 배수 토큰 2개 {nl} - 실버 200,000 				
INTL_20171130_000056	冒険日誌201～300位ランキング報酬(1日)	모험일지 201위~300위 랭킹 보상 상자 (1일)				
INTL_20171130_000057	右クリックで使用します。{nl} - コンパニオン交換券×4枚{nl} - x4経験の書×1個{nl} - 特性ポイント100(冒険日誌報酬)×3個{nl} - 100,000シルバー	마우스 우클릭으로 사용할 수 있습니다. 사용시 상자의 내용물을 획득할 수 있습니다.{nl} - 컴패니언 교환권 4장{nl} - x4 경험의 서 1개 {nl} - 특성 포인트 100(모험일지 보상) 3개 {nl} - 실버 100,000 				
INTL_20171130_000058	プレミアム魔法付与スクロールです。ヘアコスチュームに使用すると、ランダムにオプションが追加されます。 オプションは最大3個まで生成できます。着用している装備には使用できません。右クリックで使用できます。	프리미엄 마법 부여 스크롤입니다. {nl}헤어 코스튬에 사용 시 랜덤한 옵션이 추가됩니다. 옵션은 최대 3개까지 생성될 수 있습니다. 착용하고 있는 장비에는 사용할 수 없습니다. 마우스 우클릭으로 사용합니다.				
INTL_20171130_000059	希望する街を選択してください。{nl}選択した街に応じて獲得されるアイテムが異なります。{nl}（毎週水曜日にリセットされます。）	원하는 마을을 선택해주세요.{nl}이벤트 기간동안 선택한 마을에 따라 획득할 수 있는 아이템이 다릅니다.{nl}(매주 수요일 다른 마을로 변경 가능합니다.)				이벤트 알림판
INTL_20171215_000060	権力には責任が伴うものです。{nl}リサイクルショップでメダルと交換できます。	권력에는 항상 책임이 뒤따릅니다.{nl}리사이클샵에서 메달로 교환 가능합니다.				
INTL_20171215_000061	行進や特別な行事に参加する時にかぶる帽子です。{nl}リサイクルショップでメダルと交換できます。	행진을 하거나 특별한 행사에 참여할 때 사용되는 모자입니다.{nl} 리사이클샵에서 메달로 교환 가능합니다.				
INTL_20171215_000062	特定の動物に限って友好的になります。茶色い人と仲良くなりやすいです。{nl}リサイクルショップでメダルと交換できます。	특정 동물에게 우호적이 됩니다.{nl}리사이클샵에서 메달로 교환 가능합니다.				
INTL_20171219_000063	右クリックで使用すると、サーバー内の全キャラクターに使用時点から30日間特典が適用されます。キャラクター情報ウィンドウで残り時間を確認することができます。{nl}[トークン効果]{nl} - 特性即時修練可能{nl} - マーケット販売手数料割引(30%{img white_right_arrow 16 16}10%){nl} - マーケット販売登録アイテム数10個{nl} - マーケット上/下限価関係なくアイテム登録可能{nl} - マーケット売上金即時受取{nl} - キャラクター移動速度+3アップ{nl} - モンスター討伐時、経験値+30%アップ{nl}(各種経験値ボーナス効果と重複可能){nl} - チーム倉庫利用可能{nl} - プレミアムジェスチャー使用可能{nl} - 個人取引30回可能{nl} - サルラス修道女院ミッション完了報酬+1{nl} - レイドダンジョン入場アイテム消費数-2	마우스 우클릭 시 사용되며 서버 내 모든 캐릭터에 사용 시점으로부터 30일간 혜택이 적용됩니다. 캐릭터 정보창에서 잔여 시간을 확인하실 수 있습니다.{nl}[토큰 효과]{nl} - 특성 즉시 수련 가능{nl} - 마켓 판매 수수료율 감소(30%{img white_right_arrow 16 16}10%){nl} - 마켓 판매 등록 아이템 개수 10개{nl} - 마켓 상/하한가 관계없이 물품 등록 가능{nl} - 마켓 판매금 즉시 수령{nl} - 캐릭터 이동속도 +3 증가{nl} - 몬스터 처치 시 경험치 +30% 증가{nl}(PC방 혜택, 경험의 서 효과와 중첩 가능){nl} - 팀 창고 이용 가능{nl} - 프리미엄 제스쳐 사용 가능{nl} - 개인 거래 30회 가능{nl} - 살러스 수녀원 미션 완료 보상 +1{nl} - 레이드 던전 입장 아이템 소모 개수 -2	INTL_20170919_000050	右クリックで使用すると、サーバー内の全キャラクターに使用時点から30日間特典が適用されます。キャラクター情報ウィンドウで残り時間を確認することができます。{nl}[トークン効果]{nl} - 特性即時修練可能{nl} - マーケット販売手数料割引(30%{img white_right_arrow 16 16}10%){nl} - マーケット販売登録アイテム数10個{nl} - マーケット上/下限価関係なくアイテム登録可能{nl} - マーケット売上金即時受取{nl} - キャラクター移動速度+3アップ{nl} - モンスター討伐時、経験値+30%アップ{nl}(各種経験値ボーナス効果と重複可能){nl} - チーム倉庫利用可能{nl} - プレミアムジェスチャー使用可能{nl} - 最大バフ適用数増加{nl} - 個人取引30回可能{nl} - サルラス修道女院ミッション完了報酬 +1	오른쪽 클릭으로 사용하면 서버의 모든 캐릭터에게 사용 시점부터 30 일간 혜택이 적용됩니다. 캐릭터 정보 창에서 남은 시간을 확인할 수 있습니다. {nl} 토큰 효과] {nl} - 특성 즉시 수련 가능 {nl} - 시장 판매 수수료 할인 (30 % {img white_right_arrow 16 16} 10 %) {nl} - 시장 판매 등록 상품 수 10 개 {nl} - 마켓에서 / 하한가 관계없이 아이템 등록 가능 {nl} - 마켓 수익금 즉시 수취 {nl} - 캐릭터 이동 속도 +3 업 {nl} - 몬스터 사냥시 경험치 + 30 % 증가 {nl} (각종 경험치 보너스 효과와 중복 가능) {nl} - 팀 창고 이용 가능 {nl} - 프리미엄 제스처 사용 가능 {nl} - 최대 버프 적용 수 증가 {nl} - 개인 거래 30 회 가능 {nl} - 살러스 수녀원 미션 완료 보상 +1	
INTL_20171219_000064	右クリックで使用すると、サーバー内の全キャラクターに使用時点から7日間特典が適用されます。キャラクター情報ウィンドウで残り時間を確認することができます。{nl}[トークン効果]{nl} - 特性即時修練可能{nl} - マーケット販売手数料割引(30%{img white_right_arrow 16 16}10%){nl} - マーケット販売登録アイテム数10個{nl} - マーケット上/下限価関係なくアイテム登録可能{nl} - マーケット売上金即時受取{nl} - キャラクター移動速度+3アップ{nl} - モンスター討伐時、経験値+30%アップ{nl}(各種経験値ボーナス効果と重複可能){nl} - チーム倉庫利用可能{nl} - プレミアムジェスチャー使用可能{nl} - サルラス修道女院ミッション完了報酬+1{nl} - レイドダンジョン入場アイテム消費数-2	마우스 우클릭 시 사용되며 서버 내 모든 캐릭터에 사용 시점으로부터 7일간 혜택이 적용됩니다. 캐릭터 정보창에서 잔여시간을 확인하실 수 있습니다.{nl}[토큰 효과]{nl} - 특성 즉시 수련 가능{nl} - 마켓 판매 수수료율 감소(30%{img white_right_arrow 16 16}10%){nl} - 마켓 판매 등록 아이템 개수 10개{nl} - 마켓 상/하한가 관계없이 물품 등록 가능{nl} - 마켓 판매금 즉시 수령{nl} - 캐릭터 이동속도 +3 증가{nl} - 몬스터 처치 시 경험치 +30% 증가{nl}(PC방 혜택, 경험의 서 효과와 중첩 가능){nl} - 팀 창고 이용 가능{nl} - 프리미엄 제스쳐 사용 가능{nl} - 살러스 수녀원 미션 완료 보상 +1{nl} - 레이드 던전 입장 아이템 소모 개수 -2				
INTL_20171219_000065	右クリックで使用すると、サーバー内の全キャラクターに使用時点から5日間特典が適用されます。キャラクター情報ウィンドウで残り時間を確認することができます。{nl}[トークン効果]{nl} - 特性即時修練可能{nl} - マーケット販売手数料割引(30%{img white_right_arrow 16 16}10%){nl} - マーケット販売登録アイテム数10個{nl} - マーケット上/下限価関係なくアイテム登録可能{nl} - マーケット売上金即時受取{nl} - キャラクター移動速度+3アップ{nl} - モンスター討伐時、経験値+30%アップ{nl}(各種経験値ボーナス効果と重複可能){nl} - チーム倉庫利用可能{nl} - プレミアムジェスチャー使用可能{nl} - サルラス修道女院ミッション完了報酬+1{nl} - レイドダンジョン入場アイテム消費数-2	마우스 우클릭 시 사용되며 서버 내 모든 캐릭터에 사용 시점으로부터 5일간 혜택이 적용됩니다. 캐릭터 정보창에서 잔여시간을 확인하실 수 있습니다.{nl}[토큰 효과]{nl} - 특성 즉시 수련 가능{nl} - 마켓 판매 수수료율 감소(30%{img white_right_arrow 16 16}10%){nl} - 마켓 판매 등록 아이템 개수 10개{nl} - 마켓 상/하한가 관계없이 물품 등록 가능{nl} - 마켓 판매금 즉시 수령{nl} - 캐릭터 이동속도 +3 증가{nl} - 몬스터 처치 시 경험치 +30% 증가{nl}(PC방 혜택, 경험의 서 효과와 중첩 가능){nl} - 팀 창고 이용 가능{nl} - 프리미엄 제스쳐 사용 가능{nl} - 살러스 수녀원 미션 완료 보상 +1{nl} - 레이드 던전 입장 아이템 소모 개수 -2				
INTL_20171219_000066	右クリックで使用すると、サーバー内の全キャラクターに使用時点から1日間特典が適用されます。キャラクター情報ウィンドウで残り時間を確認することができます。{nl}[トークン効果]{nl} - 特性即時修練可能{nl} - マーケット販売手数料割引(30%{img white_right_arrow 16 16}10%){nl} - マーケット販売登録アイテム数10個{nl} - マーケット上/下限価関係なくアイテム登録可能{nl} - マーケット売上金即時受取{nl} - キャラクター移動速度+3アップ{nl} - モンスター討伐時、経験値+20%アップ{nl}(各種経験値ボーナス効果と重複可能){nl} - チーム倉庫利用可能{nl} - プレミアムジェスチャー使用可能{nl} - サルラス修道女院ミッション完了報酬+1{nl} - レイドダンジョン入場アイテム消費数-2	마우스 우클릭 시 사용되며 서버 내 모든 캐릭터에 사용 시점으로부터 1일간 혜택이 적용됩니다. 캐릭터 정보창에서 잔여시간을 확인하실 수 있습니다.{nl}[토큰 효과]{nl} - 특성 즉시 수련 가능{nl} - 마켓 판매 수수료율 감소(30%{img white_right_arrow 16 16}10%){nl} - 마켓 판매 등록 아이템 개수 10개{nl} - 마켓 상/하한가 관계없이 물품 등록 가능{nl} - 마켓 판매금 즉시 수령{nl} - 캐릭터 이동속도 +3 증가{nl} - 몬스터 처치 시 경험치 +30% 증가{nl}(PC방 혜택, 경험의 서 효과와 중첩 가능){nl} - 팀 창고 이용 가능{nl} - 프리미엄 제스쳐 사용 가능{nl} - 살러스 수녀원 미션 완료 보상 +1{nl} - 레이드 던전 입장 아이템 소모 개수 -2				
INTL_20171219_000067	右クリックで使用すると、サーバー内の全キャラクターに使用時点から3時間特典が適用されます。キャラクター情報ウィンドウで残り時間を確認することができます。{nl}[トークン効果]{nl} - 特性即時修練可能{nl} - マーケット販売手数料割引(30%{img white_right_arrow 16 16}10%){nl} - マーケット販売登録アイテム数10個{nl} - マーケット上/下限価関係なくアイテム登録可能{nl} - マーケット売上金即時受取{nl} - キャラクター移動速度+3アップ{nl} - モンスター討伐時、経験値+30%アップ{nl}(各種経験値ボーナス効果と重複可能){nl} - チーム倉庫利用可能{nl} - プレミアムジェスチャー使用可能{nl} - サルラス修道女院ミッション完了報酬+1{nl} - レイドダンジョン入場アイテム消費数-2	마우스 우클릭 시 사용되며 서버 내 모든 캐릭터에 사용 시점으로부터 3시간동안 혜택이 적용됩니다. 캐릭터 정보창에서 잔여시간을 확인하실 수 있습니다.{nl}[토큰 효과]{nl} - 특성 즉시 수련 가능{nl} - 마켓 판매 수수료율 감소(30%{img white_right_arrow 16 16}10%){nl} - 마켓 판매 등록 아이템 개수 10개{nl} - 마켓 상/하한가 관계없이 물품 등록 가능{nl} - 마켓 판매금 즉시 수령{nl} - 캐릭터 이동속도 +3 증가{nl} - 몬스터 처치 시 경험치 +30% 증가{nl}(PC방 혜택, 경험의 서 효과와 중첩 가능){nl} - 팀 창고 이용 가능{nl} - 프리미엄 제스쳐 사용 가능{nl} - 살러스 수녀원 미션 완료 보상 +1{nl} - 레이드 던전 입장 아이템 소모 개수 -2				
INTL_20171219_000068	右クリックで使用すると、サーバー内の全キャラクターに使用時点から6時間特典が適用されます。キャラクター情報ウィンドウで残り時間を確認することができます。{nl}[トークン効果]{nl} - 特性即時修練可能{nl} - マーケット販売手数料割引(30%{img white_right_arrow 16 16}10%){nl} - マーケット販売登録アイテム数10個{nl} - マーケット上/下限価関係なくアイテム登録可能{nl} - マーケット売上金即時受取{nl} - キャラクター移動速度+3アップ{nl} - モンスター討伐時、経験値+30%アップ{nl}(各種経験値ボーナス効果と重複可能){nl} - チーム倉庫利用可能{nl} - プレミアムジェスチャー使用可能{nl} - サルラス修道女院ミッション完了報酬+1{nl} - レイドダンジョン入場アイテム消費数-2	마우스 우클릭 시 사용되며 서버 내 모든 캐릭터에 사용 시점으로부터 6시간동안 혜택이 적용됩니다. 캐릭터 정보창에서 잔여시간을 확인하실 수 있습니다.{nl}[토큰 효과]{nl} - 특성 즉시 수련 가능{nl} - 마켓 판매 수수료율 감소(30%{img white_right_arrow 16 16}10%){nl} - 마켓 판매 등록 아이템 개수 10개{nl} - 마켓 상/하한가 관계없이 물품 등록 가능{nl} - 마켓 판매금 즉시 수령{nl} - 캐릭터 이동속도 +3 증가{nl} - 몬스터 처치 시 경험치 +30% 증가{nl}(PC방 혜택, 경험의 서 효과와 중첩 가능){nl} - 팀 창고 이용 가능{nl} - 프리미엄 제스쳐 사용 가능{nl} - 살러스 수녀원 미션 완료 보상 +1{nl} - 레이드 던전 입장 아이템 소모 개수 -2				
INTL_20171219_000069	右クリックで使用すると、サーバー内の全キャラクターに使用時点から12時間特典が適用されます。キャラクター情報ウィンドウで残り時間を確認することができます。{nl}[トークン効果]{nl} - 特性即時修練可能{nl} - マーケット販売手数料割引(30%{img white_right_arrow 16 16}10%){nl} - マーケット販売登録アイテム数10個{nl} - マーケット上/下限価関係なくアイテム登録可能{nl} - マーケット売上金即時受取{nl} - キャラクター移動速度+3アップ{nl} - モンスター討伐時、経験値+30%アップ{nl}(各種経験値ボーナス効果と重複可能){nl} - チーム倉庫利用可能{nl} - プレミアムジェスチャー使用可能{nl} - サルラス修道女院ミッション完了報酬+1{nl} - レイドダンジョン入場アイテム消費数-2	마우스 우클릭 시 사용되며 서버 내 모든 캐릭터에 사용 시점으로부터 12시간동안 혜택이 적용됩니다. 캐릭터 정보창에서 잔여시간을 확인하실 수 있습니다.{nl}[토큰 효과]{nl} - 특성 즉시 수련 가능{nl} - 마켓 판매 수수료율 감소(30%{img white_right_arrow 16 16}10%){nl} - 마켓 판매 등록 아이템 개수 10개{nl} - 마켓 상/하한가 관계없이 물품 등록 가능{nl} - 마켓 판매금 즉시 수령{nl} - 캐릭터 이동속도 +3 증가{nl} - 몬스터 처치 시 경험치 +30% 증가{nl}(PC방 혜택, 경험의 서 효과와 중첩 가능){nl} - 팀 창고 이용 가능{nl} - 프리미엄 제스쳐 사용 가능{nl} - 살러스 수녀원 미션 완료 보상 +1{nl} - 레이드 던전 입장 아이템 소모 개수 -2				
INTL_20171219_000070	右クリックで使用すると、サーバー内の全キャラクターに使用時点から3日間特典が適用されます。キャラクター情報ウィンドウで残り時間を確認することができます。{nl}[トークン効果]{nl} - 特性即時修練可能{nl} - マーケット販売手数料割引(30%{img white_right_arrow 16 16}10%){nl} - マーケット販売登録アイテム数10個{nl} - マーケット上/下限価関係なくアイテム登録可能{nl} - マーケット売上金即時受取{nl} - キャラクター移動速度+3アップ{nl} - モンスター討伐時、経験値+30%アップ{nl}(各種経験値ボーナス効果と重複可能){nl} - チーム倉庫利用可能{nl} - プレミアムジェスチャー使用可能{nl} - サルラス修道女院ミッション完了報酬+1{nl} - レイドダンジョン入場アイテム消費数-2	마우스 우클릭 시 사용되며 서버 내 모든 캐릭터에 사용 시점으로부터 3일간 혜택이 적용됩니다. 캐릭터 정보창에서 잔여시간을 확인하실 수 있습니다.{nl}[토큰 효과]{nl} - 특성 즉시 수련 가능{nl} - 마켓 판매 수수료율 감소(30%{img white_right_arrow 16 16}10%){nl} - 마켓 판매 등록 아이템 개수 10개{nl} - 마켓 상/하한가 관계없이 물품 등록 가능{nl} - 마켓 판매금 즉시 수령{nl} - 캐릭터 이동속도 +3 증가{nl} - 몬스터 처치 시 경험치 +30% 증가{nl}(PC방 혜택, 경험의 서 효과와 중첩 가능){nl} - 팀 창고 이용 가능{nl} - 프리미엄 제스쳐 사용 가능{nl} - 살러스 수녀원 미션 완료 보상 +1{nl} - 레이드 던전 입장 아이템 소모 개수 -2				
INTL_20171219_000071	右クリックで使用すると、サーバー内の全キャラクターに使用時点から30日間特典が適用されます。キャラクター情報ウィンドウで残り時間を確認することができます。{nl}[トークン効果]{nl} - 特性即時修練可能{nl} - マーケット販売手数料割引(30%{img white_right_arrow 16 16}10%){nl} - マーケット販売登録アイテム数10個{nl} - マーケット上/下限価関係なくアイテム登録可能{nl} - マーケット売上金即時受取{nl} - キャラクター移動速度+3アップ{nl} - モンスター討伐時、経験値+30%アップ{nl}(各種経験値ボーナス効果と重複可能){nl} - チーム倉庫利用可能{nl} - プレミアムジェスチャー使用可能{nl} - 個人取引30回可能{nl} - サルラス修道女院ミッション完了報酬+1{nl} - レイドダンジョン入場アイテム消費数-2	마우스 우클릭 시 사용되며 서버 내 모든 캐릭터에 사용 시점으로부터 30일간 혜택이 적용됩니다. 캐릭터 정보창에서 잔여시간을 확인하실 수 있습니다.{nl}[토큰 효과]{nl} - 특성 즉시 수련 가능{nl} - 마켓 판매 수수료율 감소(30%{img white_right_arrow 16 16}10%){nl} - 마켓 판매 등록 아이템 개수 10개{nl} - 마켓 상/하한가 관계없이 물품 등록 가능{nl} - 마켓 판매금 즉시 수령{nl} - 캐릭터 이동속도 +3 증가{nl} - 몬스터 처치 시 경험치 +30% 증가{nl}(PC방 혜택, 경험의 서 효과와 중첩 가능){nl} - 팀 창고 이용 가능{nl} - 프리미엄 제스쳐 사용 가능{nl} - 개인 거래 30회 가능{nl} - 살러스 수녀원 미션 완료 보상 +1{nl} - 레이드 던전 입장 아이템 소모 개수 -2				
INTL_20171219_000072	右クリックで使用すると、サーバー内の全キャラクターに使用時点から15日間特典が適用されます。キャラクター情報ウィンドウで残り時間を確認することができます。{nl}[トークン効果]{nl} - 特性即時修練可能{nl} - マーケット販売手数料割引(30%{img white_right_arrow 16 16}10%){nl} - マーケット販売登録アイテム数10個{nl} - マーケット上/下限価関係なくアイテム登録可能{nl} - マーケット売上金即時受取{nl} - キャラクター移動速度+3アップ{nl} - モンスター討伐時、経験値+30%アップ{nl}(各種経験値ボーナス効果と重複可能){nl} - チーム倉庫利用可能{nl} - プレミアムジェスチャー使用可能{nl} - サルラス修道女院ミッション完了報酬+1{nl} - レイドダンジョン入場アイテム消費数-2	마우스 우클릭 시 사용되며 서버 내 모든 캐릭터에 사용 시점으로부터 15일간 혜택이 적용됩니다. 캐릭터 정보창에서 잔여시간을 확인하실 수 있습니다.{nl}[토큰 효과]{nl} - 특성 즉시 수련 가능{nl} - 마켓 판매 수수료율 감소(30%{img white_right_arrow 16 16}10%){nl} - 마켓 판매 등록 아이템 개수 10개{nl} - 마켓 상/하한가 관계없이 물품 등록 가능{nl} - 마켓 판매금 즉시 수령{nl} - 캐릭터 이동속도 +3 증가{nl} - 몬스터 처치 시 경험치 +30% 증가{nl}(PC방 혜택, 경험의 서 효과와 중첩 가능){nl} - 팀 창고 이용 가능{nl} - 프리미엄 제스쳐 사용 가능{nl} - 살러스 수녀원 미션 완료 보상 +1{nl} - 레이드 던전 입장 아이템 소모 개수 -2				
INTL_20171219_000073	右クリックで使用すると、サーバー内の全キャラクターに使用時点から3時間特典が適用されます。キャラクター情報ウィンドウで残り時間を確認することができます。獲得から１４日間使用可能です。{nl}[トークン効果]{nl} - 特性即時修練可能{nl} - マーケット販売手数料割引(30%{img white_right_arrow 16 16}10%){nl} - マーケット販売登録アイテム数10個{nl} - マーケット上/下限価関係なくアイテム登録可能{nl} - マーケット売上金即時受取{nl} - キャラクター移動速度+3アップ{nl} - モンスター討伐時、経験値+30%アップ{nl}(各種経験値ボーナス効果と重複可能){nl} - チーム倉庫利用可能{nl} - プレミアムジェスチャー使用可能{nl} - サルラス修道女院ミッション完了報酬+1{nl} - レイドダンジョン入場アイテム消費数-2	마우스 우클릭 시 사용되며 서버 내 모든 캐릭터에 사용 시점으로부터 3시간동안 혜택이 적용됩니다. 캐릭터 정보창에서 잔여시간을 확인하실 수 있습니다. 획득 후부터 14일동안 사용 가능합니다.{nl}[토큰 효과]{nl} - 특성 즉시 수련 가능{nl} - 마켓 판매 수수료율 감소(30%{img white_right_arrow 16 16}10%){nl} - 마켓 판매 등록 아이템 개수 10개{nl} - 마켓 상/하한가 관계없이 물품 등록 가능{nl} - 마켓 판매금 즉시 수령{nl} - 캐릭터 이동속도 +3 증가{nl} - 몬스터 처치 시 경험치 +30% 증가{nl}(PC방 혜택, 경험의 서 효과와 중첩 가능){nl} - 팀 창고 이용 가능{nl} - 프리미엄 제스쳐 사용 가능{nl} - 살러스 수녀원 미션 완료 보상 +1{nl} - 레이드 던전 입장 아이템 소모 개수 -2				
INTL_20171219_000074	右クリックで使用すると、サーバー内の全キャラクターに使用時点から5日間特典が適用されます。キャラクター情報ウィンドウで残り時間を確認することができます。獲得から１４日間使用可能です。{nl}[トークン効果]{nl} - 特性即時修練可能{nl} - マーケット販売手数料割引(30%{img white_right_arrow 16 16}10%){nl} - マーケット販売登録アイテム数10個{nl} - マーケット上/下限価関係なくアイテム登録可能{nl} - マーケット売上金即時受取{nl} - キャラクター移動速度+3アップ{nl} - モンスター討伐時、経験値+30%アップ{nl}(各種経験値ボーナス効果と重複可能){nl} - チーム倉庫利用可能{nl} - プレミアムジェスチャー使用可能{nl} - サルラス修道女院ミッション完了報酬+1{nl} - レイドダンジョン入場アイテム消費数-2	마우스 우클릭 시 사용되며 서버 내 모든 캐릭터에 사용 시점으로부터 5일간 혜택이 적용됩니다. 캐릭터 정보창에서 잔여시간을 확인하실 수 있습니다. 획득 후부터 14일동안 사용 가능합니다.{nl}[토큰 효과]{nl} - 특성 즉시 수련 가능{nl} - 마켓 판매 수수료율 감소(30%{img white_right_arrow 16 16}10%){nl} - 마켓 판매 등록 아이템 개수 10개{nl} - 마켓 상/하한가 관계없이 물품 등록 가능{nl} - 마켓 판매금 즉시 수령{nl} - 캐릭터 이동속도 +3 증가{nl} - 몬스터 처치 시 경험치 +30% 증가{nl}(PC방 혜택, 경험의 서 효과와 중첩 가능){nl} - 팀 창고 이용 가능{nl} - 프리미엄 제스쳐 사용 가능{nl} - 살러스 수녀원 미션 완료 보상 +1{nl} - 레이드 던전 입장 아이템 소모 개수 -2				
INTL_20171219_000075	右クリックで使用すると、サーバー内の全キャラクターに使用時点から3日間特典が適用されます。キャラクター情報ウィンドウで残り時間を確認することができます。獲得から１４日間使用可能です。{nl}[トークン効果]{nl} - 特性即時修練可能{nl} - マーケット販売手数料割引(30%{img white_right_arrow 16 16}10%){nl} - マーケット販売登録アイテム数10個{nl} - マーケット上/下限価関係なくアイテム登録可能{nl} - マーケット売上金即時受取{nl} - キャラクター移動速度+3アップ{nl} - モンスター討伐時、経験値+30%アップ{nl}(各種経験値ボーナス効果と重複可能){nl} - チーム倉庫利用可能{nl} - プレミアムジェスチャー使用可能{nl} - サルラス修道女院ミッション完了報酬+1{nl} - レイドダンジョン入場アイテム消費数-2	마우스 우클릭 시 사용되며 서버 내 모든 캐릭터에 사용 시점으로부터 3일간 혜택이 적용됩니다. 캐릭터 정보창에서 잔여시간을 확인하실 수 있습니다. 획득 후부터 14일동안 사용 가능합니다.{nl}[토큰 효과]{nl} - 특성 즉시 수련 가능{nl} - 마켓 판매 수수료율 감소(30%{img white_right_arrow 16 16}10%){nl} - 마켓 판매 등록 아이템 개수 10개{nl} - 마켓 상/하한가 관계없이 물품 등록 가능{nl} - 마켓 판매금 즉시 수령{nl} - 캐릭터 이동속도 +3 증가{nl} - 몬스터 처치 시 경험치 +30% 증가{nl}(PC방 혜택, 경험의 서 효과와 중첩 가능){nl} - 팀 창고 이용 가능{nl} - 프리미엄 제스쳐 사용 가능{nl} - 살러스 수녀원 미션 완료 보상 +1{nl} - 레이드 던전 입장 아이템 소모 개수 -2				
INTL_20171219_000076	右クリックで使用すると、サーバー内の全キャラクターに使用時点から1時間特典が適用されます。キャラクター情報ウィンドウで残り時間を確認することができます。{nl}[トークン効果]{nl} - 特性即時修練可能{nl} - マーケット販売手数料割引(30%{img white_right_arrow 16 16}10%){nl} - マーケット販売登録アイテム数10個{nl} - マーケット上/下限価関係なくアイテム登録可能{nl} - マーケット売上金即時受取{nl} - キャラクター移動速度+3アップ{nl} - モンスター討伐時、経験値+30%アップ{nl}(各種経験値ボーナス効果と重複可能){nl} - チーム倉庫利用可能{nl} - プレミアムジェスチャー使用可能{nl} - サルラス修道女院ミッション完了報酬+1{nl} - レイドダンジョン入場アイテム消費数-2	마우스 우클릭 시 사용되며 서버 내 모든 캐릭터에 사용 시점으로부터 1시간 동안 혜택이 적용됩니다. 캐릭터 정보창에서 잔여시간을 확인하실 수 있습니다.{nl}[토큰 효과]{nl} - 특성 즉시 수련 가능{nl} - 마켓 판매 수수료율 감소(30%{img white_right_arrow 16 16}10%){nl} - 마켓 판매 등록 아이템 개수 10개{nl} - 마켓 상/하한가 관계없이 물품 등록 가능{nl} - 마켓 판매금 즉시 수령{nl} - 캐릭터 이동속도 +3 증가{nl} - 몬스터 처치 시 경험치 +30% 증가{nl}(PC방 혜택, 경험의 서 효과와 중첩 가능){nl} - 팀 창고 이용 가능{nl} - 프리미엄 제스쳐 사용 가능{nl} - 살러스 수녀원 미션 완료 보상 +1{nl} - 레이드 던전 입장 아이템 소모 개수 -2				
INTL_20171219_000077	右クリックで使用すると、サーバー内の全キャラクターに使用時点から15日間特典が適用されます。キャラクター情報ウィンドウで残り時間を確認することができます。{nl}[トークン効果]{nl} - 特性即時修練可能{nl} - マーケット販売手数料割引(30%{img white_right_arrow 16 16}10%){nl} - マーケット販売登録アイテム数10個{nl} - マーケット上/下限価関係なくアイテム登録可能{nl} - マーケット売上金即時受取{nl} - キャラクター移動速度+3アップ{nl} - モンスター討伐時、経験値+30%アップ{nl}(各種経験値ボーナス効果と重複可能){nl} - チーム倉庫利用可能{nl} - プレミアムジェスチャー使用可能{nl} - サルラス修道女院ミッション完了報酬+1{nl} - 個人取引15回可能{nl} - レイドダンジョン入場アイテム消費数-2	마우스 우클릭 시 사용되며 서버 내 모든 캐릭터에 사용 시점으로부터 15일간 혜택이 적용됩니다. 캐릭터 정보창에서 잔여시간을 확인하실 수 있습니다.{nl}[토큰 효과]{nl} - 특성 즉시 수련 가능{nl} - 마켓 판매 수수료율 감소(30%{img white_right_arrow 16 16}10%){nl} - 마켓 판매 등록 아이템 개수 10개{nl} - 마켓 상/하한가 관계없이 물품 등록 가능{nl} - 마켓 판매금 즉시 수령{nl} - 캐릭터 이동속도 +3 증가{nl} - 몬스터 처치 시 경험치 +30% 증가{nl}(PC방 혜택, 경험의 서 효과와 중첩 가능){nl} - 팀 창고 이용 가능{nl} - 프리미엄 제스쳐 사용 가능{nl} - 살러스 수녀원 미션 완료 보상 +1{nl} - 개인 거래 15회 가능{nl} - 레이드 던전 입장 아이템 소모 개수 -2				
INTL_20171226_000078	念願の碑石路ダンジョン(推奨レベル:180)に入場しますか？{nl}あなたとPTを組んでいるプレイヤーだけが一緒に入場できます。	염원의 비석로 (권장 레벨:180)에 입장하시겠습니까?{nl}당신과 파티를 맺은 플레이어만이 함께 입장할 수 있습니다.				
INTL_20171226_000079	衰退したルグィン家のダンジョン(推奨レベル:230)に入場しますか？{nl}あなたとPTを組んでいるプレイヤーだけが一緒に入場できます。	쇠락한 르귄가문의 저택 (권장 레벨:230)에 입장하시겠습니까?{nl}당신과 파티를 맺은 플레이어만이 함께 입장할 수 있습니다.				
INTL_20171226_000080	キャッスル地下ダンジョン(推奨レベル:300)に入場しますか？{nl}あなたとPTを組んでいるプレイヤーだけが一緒に入場できます。	캐슬 지하 (권장 레벨:300)에 입장하시겠습니까?{nl}당신과 파티를 맺은 플레이어만이 함께 입장할 수 있습니다.				
INTL_20171228_000081	右クリックで使用します。{nl} - コンパニオン交換券×7枚{nl} - x4経験の書×3個{nl} - 特性ポイント1,000(冒険日誌報酬)×1個{nl} - インスタンスダンジョン倍数トークン×3個{nl} - 300,000シルバー	마우스 우클릭으로 사용할 수 있습니다. 사용시 상자의 내용물을 획득할 수 있습니다.{nl} - 컴패니언 교환권 7장{nl} - x4 경험의 서 3개 {nl} - 특성 포인트 1,000(모험일지 보상) 1개 {nl} - 인스턴스 던전 배수 토큰 3개 {nl} - 실버 300,000 				
INTL_20180122_000082	スノウクリスタルキューブ（男）	2018 눈의 결정 큐브(남)				
INTL_20180122_000083	スノウクリスタルキューブ（女）	2018 눈의 결정 큐브(여)				
INTL_20180122_000084	スノウクリスタルキューブ（男）x10+1	2018 눈의 결정 큐브(남) x 10+1				
INTL_20180122_000085	スノウクリスタルキューブ（女）x10+1	2018 눈의 결정 큐브(여) x 10+1				
INTL_20180131_000086	手作りチョコレート。甘すぎず美味しい。何だか頭が回るようだ…。使用後1時間、経験値獲得量50％アップ。	달달한 맛으로, 뇌의 회전을 도와주는 초콜릿입니다. 사용 시, 1시간동안 경험치 획득량 +50% 효과를 얻습니다.				
INTL_20180205_000087	特性ポイント100	특성 포인트 100				
INTL_20180207_000088	乙女の純情	소녀의 마음				
INTL_20180207_000089	経験値獲得量50％アップ	몬스터 처치 시 획득 경험치 +50%				
INTL_20180213_000090	冬の鍵	겨울 열쇠				
INTL_20180213_000091	「冬の終わり」イベントで使用される鍵です。	마지막 겨울 이벤트에서 사용되는 열쇠입니다.{nl}(이벤트 종료 시 일괄 삭제됩니다.)				
INTL_20180213_000092	つらら（14日）	고드름(14일)				
INTL_20180213_000093	つららの中で何かが凍っているようです。{nl}（つららは焚き火の薪周辺でのみ使用することができます。）	고드름을 녹이면 무엇이 들어있을까요?{nl}(고드름은 장작 주위에서만 사용 가능합니다.)				
INTL_20180213_000094	謎の箱	금고				
INTL_20180213_000095	“冬の鍵”を10個集めてくれば、限定コンパニオンを差し上げますよ…。{nl}“冬の鍵”は今後開始するイベントで手に入ります…。	Winter Key 10개를 모으시면 "윈터펭" 을 드립니다.{nl}(Winter Key는 2월 20일 이벤트에서 획득할 수 있습니다.)				금고
INTL_20180213_000096	「冬の終わり」イベントが進行中です。{nl}バフやギフトをお贈りしています。限定の新規コンパニオンも手に入るチャンスです。	마지막 겨울 이벤트가 진행 중입니다.{nl}마지막 겨울 선물과 버프는 물론, 신규 컴패니언 윈터펭도 만나보세요.				이벤트 알림판
INTL_20180213_000097	“冬の鍵”を10個集めると、限定コンパニオンと交換できます。	Winter Key 10개를 모으시면 "윈터펭" 을 드립니다.{nl}(이벤트 알림판에서 마지막 겨울 선물을 받으세요.)				금고
INTL_20180213_000098	追加で“冬の鍵”を使用すると報酬を受け取ることができます。	Winter Key로 추가 보상을 받을 수 있습니다.{nl}(Winter Key 1개당 1회의 추가 보상이 주어집니다.)				금고
INTL_20180213_000099	すでにバフが適用されています。	이미 버프가 존재합니다.				이벤트 알림판
INTL_20180213_000100	もう少し時間が経ってからお越し下さい。	너무 이릅니다.				이벤트 알림판
INTL_20180213_000101	「冬の終わり」イベント	마지막 겨울 이벤트				
INTL_20180213_000102	バフを受ける	마지막 겨울 버프 받기				
INTL_20180213_000103	ギフトを受け取る	마지막 겨울 선물 받기				
INTL_20180220_000104	金剛キューブ(男)	금강 큐브(남)				
INTL_20180220_000105	金剛キューブ(女)	금강 큐브(여)				
INTL_20180220_000106	金剛キューブ(男)x10+1	금강 큐브(남) x10 + 1				
INTL_20180220_000107	金剛キューブ(女)x10+1	금강 큐브(여) x10 + 1				
INTL_20180323_000108	見覚えのある花	꽃잎				
INTL_20180323_000109	この花をたくさん集めると良いことがあるようです。	꽃잎을 모으면 좋은 일이 생길 것 같습니다.				
INTL_20180323_000110	サクラヘアピン	벚꽃 머리핀				
INTL_20180323_000111	三色団子ヘアピン	삼색 경단 머리핀				
INTL_20180323_000112	「奪還！お花見会場」イベント	꽃길 이벤트				
INTL_20180404_000113	スクールコレクションキューブ（男）	스쿨 컬렉션 큐브(남)				
INTL_20180404_000114	スクールコレクションキューブ（女）	스쿨 컬렉션 큐브(여)				
INTL_20180404_000115	スクールコレクションキューブ（男）x10+1	스쿨 컬렉션 큐브(남) x10+1				
INTL_20180404_000116	スクールコレクションキューブ（女）x10+1	스쿨 컬렉션 큐브(여) x10+1				
INTL_20180404_000117	桜の花びらが…ふわりと落ちてきた。面倒だしこのままでいいか。	벚꽃잎이 머리에.... 떨어졌다.. 귀찮다.. 그냥 두기로 하자..				
INTL_20180404_000118	「味ちがうのかな、すっごく楽しみ！」{nl}…誰かが楽しみに隠していた三色団子のようです。	어떤 색깔이 맛있을까요. 고르기만 하세요.. 모두 제 것 입니다.				
INTL_20180404_000119	大変良くできました	참 잘했어요 도장				
INTL_20180417_000120	秘密のレッドオックス	비밀 레드옥스				
INTL_20180417_000121	10分間、最大SP+1000アップ、広域攻撃比率+1アップ、スタミナが消費されません。	10분 동안 최대 SP +1000, 광역 공격 비율 +1, 스태미나가 소비되지 않습니다.				
INTL_20180417_000122	ナイトマーケットに参加中	야시장 참여 중				
INTL_20180417_000123	スキルを使用できません。{nl}10分後に街に移動します。	스킬을 사용할 수 없습니다.{nl}10분 뒤 마을로 이동합니다.				
INTL_20180417_000124	30分間重複回数によって経験値、移動速度、最大HPが増加し、最大5つまで重複まで可能です。	사용시 30분동안 중첩당 +30%와 이동속도가 증가합니다. 최대 5중첩까지 가능 합니다.				
INTL_20180417_000125	フォーチュンクッキー（14日）	포춘 쿠키 (14일)				
INTL_20180417_000126	イベント金貨	이벤트 금화				
INTL_20180417_000127	ナイトマーケットで流通している金貨です。	야시장에서 사용되는 금화입니다.{nl}(이벤트 종료 시 일괄 삭제됩니다.)				
INTL_20180417_000128	まさに猛牛の如し。{nl}10分間、最大SP+1000アップ、広域攻撃比率+1アップ、スタミナが消費されません。	황소같은 체력을 가질 수 있게 해줍니다. 10분 동안 최대 SP +1000, 광역 공격 비율 +1, 스태미나가 소비되지 않습니다.{nl}(이벤트 종료 시 일괄 삭제됩니다.)				
INTL_20180417_000129	上半身-秘密の装備選択ボックス(14日)	상의-비밀 장비 선택 상자(14일)				
INTL_20180417_000130	使用すると、Lv315装備を1つ選択できるボックスです。	Lv 315 유니크 장비를 선택할 수 있는 상자입니다.				
INTL_20180417_000131	下半身-秘密の装備選択ボックス(14日)	하의-비밀 장비 선택 상자(14일)				
INTL_20180417_000132	手袋-秘密の装備選択ボックス(14日)	장갑-비밀 장비 선택 상자(14일)				
INTL_20180417_000133	靴-秘密の装備選択ボックス(14日)	신발-비밀 장비 선택 상자(14일)				
INTL_20180417_000134	秘密の製造書選択ボックス(14日)	비밀 제작서 선택 상자(14일)				
INTL_20180417_000135	使用すると、Lv315装備の秘密の製造書を1つ選択できるボックスです。{nl}製造書は全て取引不可です。	Lv 315 유니크 제작서를 선택할 수 있는 상자입니다.				
INTL_20180417_000136	アヴドーチャ[取引不可]	아브도챠 [거래 불가]				
INTL_20180417_000137	サクミス[取引不可]	사크미스 [거래 불가]				
INTL_20180417_000138	スカルスマッシャー[取引不可]	스컬 스매셔 [거래 불가]				
INTL_20180417_000139	リガードホーンスタッフ[取引不可]	리가드 혼 스태프 [거래 불가]				
INTL_20180417_000140	ハート・オブ・グローリー[取引不可]	하트 오브 글로리 [거래 불가]				
INTL_20180417_000141	スカルブレイカー[取引不可]	스컬 브레이커 [거래 불가]				
INTL_20180417_000142	エメンガードダガー[取引不可]	에멘가드 대거 [거래 불가]				
INTL_20180417_000143	ウィングシドスピア[取引不可]	윙샤드 스피어 [거래 불가]				
INTL_20180417_000144	リガードホーンパイク[取引不可]	리가드 혼 파이크 [거래 불가]				
INTL_20180417_000145	ブラックホーン[取引不可]	블랙 혼 [거래 불가]				
INTL_20180417_000146	リガードホーンクロスボウ[取引不可]	리가드 혼 크로스보우 [거래 불가]				
INTL_20180417_000147	アストラボウ[取引不可]	아스트라 보우 [거래 불가]				
INTL_20180417_000148	アスパナリボルバー[取引不可]	아스파나 리볼버 [거래 불가]				
INTL_20180417_000149	エメンガードキャノン[取引不可]	에멘가드 캐논 [거래 불가]				
INTL_20180417_000150	エメンガードマスケット[取引不可]	에멘가드 머스킷 [거래 불가]				
INTL_20180417_000151	エメンガードシールド[取引不可]	에멘가드 실드 [거래 불가]				
INTL_20180417_000152	プリムスオキシニスローブ[取引不可]	프리머스 옥시니스 로브 [거래 불가]				
INTL_20180417_000153	プリムスカウラスレザーアーマー[取引不可]	프리머스 카울라스 레더 아머 [거래 불가]				
INTL_20180417_000154	プリムスクライジアスプレートアーマー[取引不可]	프리머스 크라이지어스 플레이트 아머 [거래 불가]				
INTL_20180417_000155	プリムスオキシニスパンツ[取引不可]	프리머스 옥시니스 팬츠 [거래 불가]				
INTL_20180417_000156	プリムスカウラスレザーパンツ[取引不可]	프리머스 카울라스 레더 팬츠 [거래 불가]				
INTL_20180417_000157	プリムスクライジアスプレートパンツ[取引不可]	프리머스 크라이지어스 플레이트 팬츠 [거래 불가]				
INTL_20180417_000158	プリムスオキシニスグローブ[取引不可]	프리머스 옥시니스 글로브 [거래 불가]				
INTL_20180417_000159	プリムスカウラスレザーグローブ[取引不可]	프리머스 카울라스 레더 글로브 [거래 불가]				
INTL_20180417_000160	プリムスクライジアスガントレット[取引不可]	프리머스 크라이지어스 건틀릿 [거래 불가]				
INTL_20180417_000161	プリムスオキシニスブーツ[取引不可]	프리머스 옥시니스 부츠 [거래 불가]				
INTL_20180417_000162	プリムスカウラスレザーブーツ[取引不可]	프리머스 카울라스 레더 부츠 [거래 불가]				
INTL_20180417_000163	プリムスクライジアスグリーブ[取引不可]	프리머스 크라이지어스 그리브 [거래 불가]				
INTL_20180417_000164	秘密の製造書-アヴドーチャ	비밀 제작서-아브도챠				
INTL_20180417_000165	秘密の製造書-サクミス	비밀 제작서-사크미스				
INTL_20180417_000166	秘密の製造書-スカルスマッシャー	비밀 제작서-스컬 스매셔				
INTL_20180417_000167	秘密の製造書-リガードホーンスタッフ	비밀 제작서-리가드 혼 스태프				
INTL_20180417_000168	秘密の製造書-ハート・オブ・グローリー	비밀 제작서-하트 오브 글로리				
INTL_20180417_000169	秘密の製造書-スカルブレイカー	비밀 제작서-스컬 브레이커				
INTL_20180417_000170	秘密の製造書-エメンガードダガー	비밀 제작서-에멘가드 대거				
INTL_20180417_000171	秘密の製造書-ウィングシドスピア	비밀 제작서-윙샤드 스피어				
INTL_20180417_000172	秘密の製造書-リガードホーンパイク	비밀 제작서-리가드 혼 파이크				
INTL_20180417_000173	秘密の製造書-ブラックホーン	비밀 제작서-블랙 혼				
INTL_20180417_000174	秘密の製造書-リガードホーンクロスボウ	비밀 제작서-리가드 혼 크로스보우				
INTL_20180417_000175	秘密の製造書-アストラボウ	비밀 제작서-아스트라 보우				
INTL_20180417_000176	秘密の製造書-アスパナリボルバー	비밀 제작서-아스파나 리볼버				
INTL_20180417_000177	秘密の製造書-エメンガードマスケット	비밀 제작서-에멘가드 머스킷				
INTL_20180417_000178	秘密の製造書-エメンガードキャノン	비밀 제작서-에멘가드 캐논				
INTL_20180417_000179	秘密の製造書-エメンガードシールド	비밀 제작서-에멘가드 실드				
INTL_20180417_000180	監視係	경계하는 남자				
INTL_20180417_000181	ここにいられることになって本当に嬉しいです。{nl}あの…こんなところに何か用でも？私に何か見せたいのですか…？{nl}特にないのでしたらそっとしておいてくださいますか。	마을에 머물게 해주셔서 감사합니다.{nl}헌데.. 이렇게 누추한 곳까지 어쩐 일이신가요?{nl}제게.. 볼 일이라도...?{nl}없다면 돌아가 주시길 부탁드립니다.				경계하는 남자
INTL_20180417_000182	お分かりになりますね？全ての者が入ることはできないのです。	알고 있다고.. 모두가 들어갈 수는 없습니다.				경계하는 남자
INTL_20180417_000183	ははは。まぁ、こんなこと私もしたくはありませんが…。{nl}ところで、入ってみますか？	하하하.. 뭐 이런 걸.. 원한 건 아닙니다만..{nl}자.. 들어가 보겠습니까?				경계하는 남자
INTL_20180417_000184	用がないならお引取りください。	볼 일 없으면 그만 돌아가 주시길 부탁드립니다.				경계하는 남자
INTL_20180417_000185	ナイトマーケット管理人	야시장 관리인				
INTL_20180417_000186	気に入るものはあったか？{nl}運が良ければ次にあるかもしれないなぁ。	마음에 드는 물건은 있었나?{nl}운이 좋으면 다음에 또 볼 수 있기를 바라지...				야시장 관리인
INTL_20180417_000187	君は冒険を初めてまだ間もない。{nl}出直してくれ。	당신은 모험을 시작한 지 얼마 되지 않아 보이는군요.{nl}아직 이곳에 오기에 이릅니다.				경계하는 남자
INTL_20180417_000188	装備選択	장비 선택				
INTL_20180417_000189	ナイトマーケットについて	비밀 야시장에 대해 알고 있다.				
INTL_20180417_000190	タルトを5個渡す	탈트 10개를 건네준다.				
INTL_20180417_000191	秘密のナイトマーケットに入る	비밀 야시장으로 들어간다.				
INTL_20180417_000192	秘密のナイトマーケットを出る	비밀 야시장을 나간다.				
INTL_20180419_000193	イベントバフ	이벤트 버프				
INTL_20180420_000194	右クリックで使用します。{nl} - アルマジロ専用コンパニオン交換券×12枚{nl} - x4経験の書×3個{nl} - 特性ポイント1,000(冒険日誌報酬)×2個{nl} - インスタンスダンジョン倍数トークン×3個{nl} - 500,000シルバー	마우스 우클릭으로 사용할 수 있습니다. 사용시 상자의 내용물을 획득할 수 있습니다.{nl} - 아르마딜로 컴패니언 교환권 12장{nl} - x4 경험의 서 3개 {nl} - 특성 포인트 1,000(모험일지 보상) 2개 {nl} - 인스턴스 던전 배수 토큰 3개 {nl} - 실버 500,000 				
INTL_20180420_000195	右クリックで使用します。{nl} - アルマジロ専用コンパニオン交換券×7枚{nl} - x4経験の書×3個{nl} - 特性ポイント1,000(冒険日誌報酬)×1個{nl} - インスタンスダンジョン倍数トークン×3個{nl} - 300,000シルバー	마우스 우클릭으로 사용할 수 있습니다. 사용시 상자의 내용물을 획득할 수 있습니다.{nl} - 아르마딜로 컴패니언 교환권 7장{nl} - x4 경험의 서 3개 {nl} - 특성 포인트 1,000(모험일지 보상) 1개 {nl} - 인스턴스 던전 배수 토큰 3개 {nl} - 실버 300,000 				
INTL_20180420_000196	右クリックで使用します。{nl} - アルマジロ専用コンパニオン交換券×5枚{nl} - x4経験の書×2個{nl} - 特性ポイント500(冒険日誌報酬)×1個{nl} - インスタンスダンジョン倍数トークン×2個{nl} - 200,000シルバー	마우스 우클릭으로 사용할 수 있습니다. 사용시 상자의 내용물을 획득할 수 있습니다.{nl} - 아르마딜로 컴패니언 교환권 5장{nl} - x4 경험의 서 2개 {nl} - 특성 포인트 500(모험일지 보상) 1개 {nl} - 인스턴스 던전 배수 토큰 2개 {nl} - 실버 200,000 				
INTL_20180420_000197	右クリックで使用します。{nl} - アルマジロ専用コンパニオン交換券×4枚{nl} - x4経験の書×1個{nl} - 特性ポイント100(冒険日誌報酬)×3個{nl} - 100,000シルバー	마우스 우클릭으로 사용할 수 있습니다. 사용시 상자의 내용물을 획득할 수 있습니다.{nl} - 아르마딜로 컴패니언 교환권 4장{nl} - x4 경험의 서 1개 {nl} - 특성 포인트 100(모험일지 보상) 3개 {nl} - 실버 100,000 				
INTL_20180420_000198	農民キューブ(男)	그 봄날의 시골 큐브(남)				
INTL_20180420_000199	農民キューブ(女)	그 봄날의 시골 큐브(여)				
INTL_20180420_000200	農民キューブ(男)x10+1	그 봄날의 시골 큐브(남) x10+1				
INTL_20180420_000201	農民キューブ(女)x10+1	그 봄날의 시골 큐브(여) x10+1				
INTL_20180621_000202	2018キックオフキューブ(男)	2018 킥오프 큐브(남)				
INTL_20180621_000203	2018キックオフキューブ(女)	2018 킥오프 큐브(여)				
INTL_20180621_000204	2018キックオフキューブ(男)x10+1	2018 킥오프 큐브(남) x10+1				
INTL_20180621_000205	2018キックオフキューブ(女)x10+1	2018 킥오프 큐브(여) x10+1				
INTL_20180814_000206	ペンギンの健康を担うエサ。ペンギンのHPを全て回復し、スタミナが+15回復します。{nl}食べられるコンパニオン{nl} - ペンギン{nl} - ウィンターペンギン{nl} - ペングリン{nl} - ペンマリン	펭귄의 건강을 책임지는 먹이입니다. 펭귄의 HP를 모두 회복하고 스태미나가 +15 회복됩니다.{nl}사용가능 목록{nl} - 펭귄{nl} - 윈터펭{nl} - 펭그린				
INTL_20180814_000207	2018マリンキューブ(男)	2018 마린 큐브(남자)				
INTL_20180814_000208	2018マリンキューブ(女)	2018 마린 큐브(여자)				
INTL_20180814_000209	2018マリンキューブ(男)x10+1	2018 마린 큐브(남자) x10+1				
INTL_20180814_000210	2018マリンキューブ(女)x10+1	2018 마린 큐브(여자) x10+1				
INTL_20180821_000211	チェックメイトキューブ(男)	체스 큐브(남자)				
INTL_20180821_000212	チェックメイトキューブ(女)	체스 큐브(여자)				
INTL_20180821_000213	チェックメイトキューブ(男)x10+1	체스 큐브(남자) x10+1				
INTL_20180821_000214	チェックメイトキューブ(女)x10+1	체스 큐브(여자) x10+1				
INTL_20180928_000215	{img Collar_Brush 20 20}第2回イラストコンテスト挑戦者	{img Collar_Brush 20 20}제2회 일러스트 콘테스트 도전자				
INTL_20180928_000216	第2回イラストコンテストに応募した啓示者に支給される称号。	제2회 일러스트 콘테스트에 응모한 계시자에게 지급되는 칭호.				
INTL_20180928_000217	第2回イラストコンテスト挑戦者	제2회 일러스트 콘테스트 도전자				
INTL_20180928_000218	PTメンバー全体の移動速度+4、広域攻撃比率+1、経験値25%アップ	기념을 축하하는 폭죽의 힘이 공유되고 있습니다.				
INTL_20180928_000219	お月見キューブ(男)	달구경 큐브(남자)				
INTL_20180928_000220	お月見キューブ(女)	달구경 큐브(여자)				
INTL_20180928_000221	お月見キューブ(男)x10+1	달구경 큐브(남자) x10+1				
INTL_20180928_000222	お月見キューブ(女)x10+1	달구경 큐브(여자) x10+1				
INTL_20180928_000223	2周年記念アイテムです。{nl} 30分間、PTメンバー全体の移動速度+4、広域攻撃比率+1、経験値25%アップの効果を与えます。	2주년 이벤트 아이템입니다.{nl} 30분간 파티원 전체의 이동속도 +4, 광역 공격 비율 +1 경험치 25% 증가의 효과를 줍니다.				
INTL_20180928_000224	マスター名簿リスト	마스터 명단 리스트				
INTL_20180928_000225	招待状を持ったマスターの名簿を記録しています。{nl}(使用時イベント進行状況を確認することができます。)	초대장을 가진 마스터들의 명단을 기록하고 있습니다.{nl}(사용 시 이벤트 진행 상황을 확인할 수 있습니다.)				
INTL_20180928_000226	イベントワープ注文書 - 2周年イベント開始	이벤트 워프 주문서 - 2주년 이벤트 시작				
INTL_20180928_000227	イベント用ワープ注文書です。{nl}使用すると2周年イベントコンパニオンの元へ移動します。	이벤트용 워프 주문서입니다.{nl}사용 시 2주년 이벤트 도우미 npc 앞으로 이동합니다.				
INTL_20180928_000228	称号 - 第2回イラストコンテスト挑戦者	칭호 - 제2회 일러스트 콘테스트 도전자				
INTL_20180928_000229	第2回イラストコンテストに応募した啓示者に支給される称号です。 マウス右側クリックで使います。	제2회 일러스트 콘테스트에 응모한 계시자에게 지급되는 칭호입니다. 마우스 오른쪽 클릭으로 사용합니다.				
INTL_20180928_000230	2018イラストコンテスト限定キューブ	2018 일러스트 콘테스트 한정 큐브				
INTL_20180928_000231	2018フェディミアン守護キューブ	2018 페디미안 수호 큐브				
INTL_20180928_000232	2周年記念アームバンド	스팀 2주년 암밴드				
INTL_20180928_000233	2周年を記念して製作されたアームバンドです。	스팀 2주년을 기념하여 제작된 암밴드 입니다.				
INTL_20180928_000234	髪飾りです。右クリックで装着できます。{nl}リサイクルショップでメダルと交換できます。	머리장식입니다. 우클릭으로 장비할 수 있습니다. {nl}리사이클 샵에서 메달로 교환할 수 있습니다.				
INTL_20180928_000235	招待に応じたマスター	초대에 응한 마스터				
INTL_20180928_000236	今日はもう確認したようですが…？	오늘은 이미 확인하신 것 같은데요..?				초대에 응한 마스터
INTL_20180928_000237	2周年イベント開催中です！	오늘은 날씨가 좋네요..				초대에 응한 마스터
INTL_20180928_000238	Tree of Savior2周年をおめでとうございます！{nl}すべてのマスターがクラペダに集まる日です！{nl}マスターが全員集まったのか確認してるのですよね？{nl}こちらお祝いの品です。ぜひ受け取ってください！	트리 오브 세이비어 2주년을 축하합니다!!!{nl}오늘은 모든 마스터들이 한자리에 모이는 날입니다!{nl}이야기는 들었습니다. 구원자님께서 마스터들이 모두 모였는지 확인 중이시라면서요..?{nl}여기.. 작은 선물입니다.				초대에 응한 마스터
INTL_20180928_000239	イベント用ワープ注文書です。{nl}使用すると2周年イベントコンパニオンの元へ移動します。	2주년 이벤트 도우미				
INTL_20180928_000240	イベントワープ注文書 - 2周年イベント開始アイテムを先に使ってください。{nl}[獲得方法]{nl}TOS - Second Anniversary Present DLCで無料で受けることができます。{nl}(最初GMメッセージすることで支給されます。)	이벤트 워프 주문서 - 2주년 이벤트 시작 아이템을 먼저 사용해주세요.{nl}[획득 방법]{nl}TOS - Second Anniversary Present DLC에서 무료로 받을 수 있습니다.{nl}(최초 GM 메시지함으로 지급됩니다.)				초대에 응한 마스터
INTL_20180928_000241	Tree of Savior2周年にようこそ。{nl}コスチュームやさまざまなアイテムを支給いたしました。{nl}あっ！マスター名簿リストを使って対象のマスターを尋ねると他にも何かもらえるみたいですよ！	트리 오브 세이비어 2주년에 오신 것을 환영합니다.{nl}- 초대에 응한 자 코스튬이 지급되었습니다.{nl}(마스터 명단 리스트를 사용해서 2주년 이벤트를 진행하세요.)				2주년 이벤트 도우미
INTL_20180928_000242	イベントワープ注文書 - 2周年イベント開始	이벤트 워프 주문서				
INTL_20180928_000243	アイテム使用時イベント開始npcに移動します。{nl}使いますか?	아이템 사용 시 이벤트 시작 npc로 이동합니다.{nl}사용하시겠습니까?				이벤트 워프 주문서
INTL_20180928_000244	出席イベント	매일매일 출석체크 이벤트				
INTL_20180928_000245	{nl}{COUNT}日目の報酬を受け取りました。{nl}明日また来てください！	 {nl}{COUNT}일차 보상을 받았습니다.{nl}내일 또 오세요~				
INTL_20180928_000246	2周年イベント - マスター名簿リストを受け取る	2주년 이벤트 - 마스터 명단 리스트 받기				
INTL_20180928_000247	イベント進行状況 : {COUNT}/55{nl}次の招待状を確認するマスターは{nl}{JOB}マスターです。	이벤트 진행 상황 : {COUNT}/55{nl}오늘의 초대장을 확인할 마스터는{nl}{JOB} 마스터입니다.				
INTL_20180928_000248	イベント進行状況 : {COUNT}/55{nl}今日の招待状はすでに確認しました。	이벤트 진행 상황 : {COUNT}/55{nl}오늘의 초대장은 이미 확인했습니다.				
INTL_20180928_000249	mongodbに特定システムメッセージ保存/ロード機能使うか	몽고 db에 특정 시스템 메시지 저장/로드 기능 사용할 것인지				
INTL_20181016_000250	---	피리 연주 사용 가능				
INTL_20181022_000251	2018ハロウィーンキューブ(男)	2018 할로윈 큐브(남자)				
INTL_20181022_000252	2018ハロウィーンキューブ(女)	2018 할로윈 큐브(여자)				
INTL_20181022_000253	2018ハロウィーンキューブ(男)x10+1	2018 할로윈 큐브(남자) x10+1				
INTL_20181022_000254	2018ハロウィーンキューブ(女)x10+1	2018 할로윈 큐브(여자) x10+1				
INTL_20181115_000255	サポ生キューブ	서포트 생방송 큐브				
INTL_20181129_000256	いつまでも幸せに暮らしましたとさ	Happy Ever After 수상자에게 지급되는 칭호입니다. 마우스 오른쪽 클릭으로 사용합니다.				
INTL_20181129_000257	この素晴らしき世界	Wonderful ToS life 수상자에게 지급되는 칭호입니다. 마우스 오른쪽 클릭으로 사용합니다.				
INTL_20181129_000258	オータムバラエティキューブ(男)	인기 코스튬 리뉴얼 큐브(남자)				
INTL_20181129_000259	オータムバラエティキューブ(女)	인기 코스튬 리뉴얼 큐브(여자)				
INTL_20181129_000260	オータムバラエティキューブ(男)x10+1	인기 코스튬 리뉴얼 큐브(남자) x10+1				
INTL_20181129_000261	オータムバラエティキューブ(女)x10+1	인기 코스튬 리뉴얼 큐브(여자) x10+1				
INTL_20181203_000262	ユニークタルト	유니크 탈트				
INTL_20181203_000263	タルト加工装置から装備アイテムに交換することができます。	탈트 가공 장치에서 장비 아이템으로 교환할 수 있습니다.				
INTL_20181203_000264	未鑑定ユニーク両手武器選択箱	유니크 미감정 양손 무기 선택 상자				
INTL_20181203_000265	380レベル未鑑定ユニーク装備アイテムを獲得することができます。{nl}獲得した装備アイテムは無制限ですべての取り引きが可能です。	380레벨 유니크 미감정 장비 아이템을 획득할 수 있습니다.{nl}획득한 장비 아이템은 무제한이며 모든 거래가 가능합니다.				
INTL_20181203_000266	未鑑定ユニーク片手武器選択箱	유니크 미감정 한손 무기 선택 상자				
INTL_20181203_000267	未鑑定ユニーク上半身防具選択箱	유니크 미감정 상의 선택 상자				
INTL_20181203_000268	未鑑定ユニーク下半身防具選択箱	유니크 미감정 하의 선택 상자				
INTL_20181203_000269	未鑑定ユニークグローブ選択箱	유니크 미감정 장갑 선택 상자				
INTL_20181203_000270	未鑑定ユニークブーツ選択箱	유니크 미감정 신발 선택 상자				
INTL_20181203_000271	タルト加工装置	탈트 가공 장치				
INTL_20181217_000272	2018クリスマスキューブ(男)	2018 크리스마스 큐브(남자)				
INTL_20181217_000273	2018クリスマスキューブ(女)	2018 크리스마스 큐브(여자)				
INTL_20181217_000274	2018クリスマスキューブ(男)x10+1	2018 크리스마스 큐브(남자) x10+1				
INTL_20181217_000275	2018クリスマスキューブ(女)x10+1	2018 크리스마스 큐브(여자) x10+1				
INTL_20181219_000276	福袋キューブ(男)	정월 큐브(남자)				
INTL_20181219_000277	福袋キューブ(女)	정월 큐브(여자)				
INTL_20181219_000278	福袋キューブ(男)x10+1	정월 큐브(남자) x10+1				
INTL_20181219_000279	福袋キューブ(女)x10+1	정월 큐브(여자) x10+1				
INTL_20181219_000280	プレミアムキューブ	정월 큐브				
INTL_20181228_000281	モンスター討伐時、経験値+10%アップ	몬스터 처치 시 획득 경험치 +10% 증가				
INTL_20181228_000282	380レベルプリムス防具の中からランダムにアイテムを1つ獲得できます。{nl}右クリックで使用できます。	사용 시 380레벨 프리머스 방어구 아이템 중 한가지 아이템이 랜덤으로 지급됩니다.				
INTL_20181228_000283	380レベルプリムス武器/補助武器の中からランダムにアイテムを1つ獲得できます。{nl}右クリックで使用できます。	사용 시 380레벨 프리머스 무기/보조무기 아이템 중 한가지 아이템이 랜덤으로 지급됩니다.				
INTL_20190107_000284	獲得経験値、移動速度、最大HPが30分間増加します。最大5つまで重複可能です。	30분간 중첩에 따라 경험치, 이동속도, 최대HP가 증가하며, 최대 5중첩까지 가능합니다.				
INTL_20190117_000285	ジャージキューブ	저지 큐브				
INTL_20190117_000286	ジャージキューブ x10+1	저지 큐브 x10+1				
INTL_20190130_000287	豚を追い求める者	돼지를 추구하는 자				
INTL_20190130_000288	ファインディングピッグイベントでたくさんの豚を捕まえた猛者に送られる称号です。	황금돼지를 찾아라 이벤트에서 많은 돼지를 찾은 맹자에게 주어지는 칭호입니다.				
INTL_20190130_000289	エターナルケッピー	이터널 케파				
INTL_20190130_000290	「ばいばいケッピー！また会う日まで！」GMイベントの称号です。	바이바이 케파-!다시 만날 그 날까지 GM 이벤트의 칭호입니다.				
INTL_20190130_000291	復帰ユーザーの書	복귀 유저의 서				
INTL_20190130_000292	60分間パーティー全体に{nl}最大HP +2000{nl}最大SP +1000{nl}移動速度+1	60분 동안 파티원 전체에{nl}최대HP +2000{nl}최대SP +1000{nl}이동 속도 +1				
INTL_20190130_000293	復帰ユーザーのポーション	복귀 유저의 포션				
INTL_20190130_000294	60分間{nl}物理攻撃力+500{nl}魔法攻撃力+500	60분 동안{nl}물리 공격력 +500{nl}마법 공격력 +500				
INTL_20190130_000295	ギルティネキューブ(男)	길티네 큐브(남자)				
INTL_20190130_000296	ギルティネキューブ(女)	길티네 큐브(여자)				
INTL_20190130_000297	ギルティネキューブ(男)x10+1	길티네 큐브(남자) x10+1				
INTL_20190130_000298	ギルティネキューブ(女)x10+1	길티네 큐브(여자) x10+1				
INTL_20190130_000299	称号 - 豚を追い求める者	Title - 돼지를 추구하는 자				
INTL_20190130_000300	称号 - エターナルケッピー	Title - 이터널 케파				
INTL_20190130_000301	ToSへおかえりボックス	돌아와 ToS 박스				
INTL_20190130_000302	復帰者への支給アイテムが入っているボックスです。{nl} - クラス変更券Lv.4 (14日)1個{nl} - 復帰ユーザーのポーション(30日)1個{nl} - 復帰ユーザーの書(14日)5個{nl} - ルーティングチャンスアップポーション(14日)5個	복귀자 지급 아이템이 담겨있는 상자입니다.{nl} - 클래스 변경권 Lv.4 (14일){nl} - 복귀 유저의 포션(30일){nl} - 복귀 유저의 서(14일){nl} - 루팅 찬스 증가 포션 (14일)				
INTL_20190130_000303	[Re:Build] ボックス	[Re:Build] 박스				
INTL_20190130_000304	使用するとランダムに1つアイテムを取得できます。{nl} - 女神の彫像(14日){nl} - 祝福が宿った種(14日){nl} - 古びた魔法付与スクロール{nl} - 最高級緊急修理キット{nl} - ルーチングチャンス:500{nl} - 黄金の金床(14日){nl} - 祝福された欠片	사용시 보상 아이템 중 한가지 아이템이 랜덤으로 지급됩니다.{nl} - 여신의 조각상(14일){nl} - 축복이 깃든 씨앗(14일){nl} - 마법 부여 스크롤(거래불가){nl} - 최고급 긴급 수리 키트{nl} - 루팅 찬스: 500{nl} - 황금 모루(14일){nl} - 축복받은 조각				
INTL_20190311_000305	ギルティネ様から逃げるな	길티네 님으로부터 도망치지 말아라				
INTL_20190311_000306	マウス右側クリックで使います。	마우스 오른쪽 클릭으로 사용합니다.				
INTL_20190311_000307	称号 - ギルティネ様から逃げるな	Title - 길티네 님으로부터 도망치지 말아라				
INTL_20190314_000308	すべてはギルティネ様のために！イベントの累積報酬です。	모든 것은 길티네님을 위해서! 이벤트의 누적 보수입니다.				
INTL_20190326_000309	マジカル☆キューブ	매지컬 큐브				
INTL_20190326_000310	マジカル☆キューブx10+1	매지컬 큐브 x10+1				
INTL_20190404_000311	お花見キューブ	꽃길 큐브				
INTL_20190404_000312	ふりふりフェアリーコスチューム選択箱	프릴 장식 페어리 코스튬 선택 상자				
INTL_20190404_000313	ふりふりフェアリーコスチュームが入っているキューブです。 マウス右クリックで使用できます。	프릴 장식 페어리 코스튬이 들어있는 상자입니다. 마우스 오른쪽 버튼 클릭으로 사용합니다.				
INTL_20190411_000314	フェスティバル用クラッカー	축제 폭죽				
INTL_20190411_000315	beautiful harmony	모두의 불꽃 축제				
INTL_20190411_000316	祝！新元号NPCと様々なアイテムと交換することができるクラッカーです。{nl}使用すると10分間移動速度+2、物理攻撃力+50、魔法攻撃力+50増加します。{nl}5/15のメンテナンス時に削除されます。	축제 폭죽을 모아 이벤트 알림판으로부터 다양한 아이템으로 교환할 수 있습니다.{nl}(사용 시 10분 동안 이동속도 +2, 물리 공격력 +50, 마법 공격력 +50 증가합니다.)				
INTL_20190411_000317	お祝い用コスチューム選択ボックス	축제 의상 코스튬 선택 상자				
INTL_20190411_000318	令和フェスティバルイベントのお祝い用コスチュームが入っているボックスです。{nl}5/15のメンテナンス時に削除されます。	폭죽 축제 이벤트에 참여할 수 있는 축제 의상 코스튬이 담긴 상자입니다.				
INTL_20190411_000319	男性版お祝い用コスチューム(30日)	남성용 축제 의상 코스튬(30일)				
INTL_20190411_000320	お祝い事にぴったりなスーツです。 着用すると見た目が変わります。	축제에 입고가기 무난한 정장입니다. 착용하면 외형이 변경 됩니다.				
INTL_20190411_000321	女性版お祝い用コスチューム(30日)	여성용 축제 의상 코스튬(30일)				
INTL_20190411_000322	お祝い事にぴったりなドレスです。  着用すると見た目が変わります。	축제에서 입기 무난한 드레스입니다. 착용하면 외형이 변경 됩니다.				
INTL_20190411_000323	お祝い用コスチュームを着てモンスターを討伐しましょう！{nl}討伐すると一定確率でフェスティバル用クラッカーを獲得することができます。{nl}フェスティバル用クラッカーは様々なアイテムと交換することができます。{nl}さらに、祝！新元号NPCの周辺でフェスティバル用クラッカーを使うと{nl}「beautiful harmony」バフを獲得することができます。	이벤트 기간 동안 축제 의상을 입고 몬스터를 처치하면 축제 폭죽을 획득할 수 있습니다.{nl}축제 폭죽을 저에게 가져오시면 다양한 아이템으로도 교환할 수 있습니다.{nl}(제 주변에서 축제 폭죽을 사용하면 "모두의 불꽃 축제" 버프를 추가로 획득할 수 있습니다.)				Ninot
INTL_20190411_000324	{SEC}秒後「beautiful harmony」バフが発動します。	{SEC}초 후 "모두의 불꽃 축제" 버프가 발동 됩니다.				
INTL_20190411_000325	「beautiful harmony」バフが発動します！	"모두의 불꽃 축제" 버프가 발동합니다!				
INTL_20190411_000326	お祝い用コスチュームを着てフェスティバル用クラッカーを使用すると{nl}「beautiful harmony」{nl}バフを追加で獲得することができます。	축제 의상을 입고 축제 폭죽을 사용하면{nl}"모두의 불꽃 축제"{nl}버프를 추가로 획득할 수 있습니다.				
INTL_20190418_000327	ぴよぴよキューブ(男)	삐약삐약 큐브(남자)				
INTL_20190418_000328	ぴよぴよキューブ(女)	삐약삐약 큐브(여자)				
INTL_20190418_000329	ぴよぴよキューブ(男)x10+1	삐약삐약 큐브(남자) x10+1				
INTL_20190418_000330	ぴよぴよキューブ(女)x10+1	삐약삐약 큐브(여자) x10+1				
INTL_20190426_000331	製造書 - HPポーション(1日)	제작서 - HP 포션 (1일)				
INTL_20190426_000332	製造書 - HPポーション(7日)	제작서 - HP 포션 (7일)				
INTL_20190426_000333	製造書 - SPポーション(1日)	제작서 - SP 포션 (1일)				
INTL_20190426_000334	製造書 - SPポーション(7日)	제작서 - SP 포션 (7일)				
INTL_20190426_000335	[グリモワール装着効果] サモニング使用時、魔将マルノックス型の悪魔を召喚{nl}[取引不可]	[그리모어 장착 효과] 서모닝 사용 시 마군주 마르녹스 형태의 악마 소환{nl}[거래 불가]				
INTL_20190426_000336	[グリモワール装着効果] サモニング使用時、魔将ブルッド型の悪魔を召喚{nl}[取引不可]	[그리모어 장착 효과] 서모닝 사용 시 마군주 블룻 형태의 악마 소환{nl}[거래 불가]				
INTL_20190426_000337	[グリモワール装着効果] サモニング使用時、魔将ジャウラ型の悪魔を召喚{nl}[取引不可]	[그리모어 장착 효과] 서모닝 사용 시 마군주 자우라 형태의 악마 소환{nl}[거래 불가]				
INTL_20190426_000338	[グリモワール装着効果] サモニング使用時、魔将ヌアエーレ型の悪魔を召喚{nl}[取引不可]	[그리모어 장착 효과] 서모닝 사용 시 마군주 누아엘레 형태의 악마 소환{nl}[거래 불가]				
INTL_20190426_000339	[グリモワール装着効果] サモニング使用時、魔将ヘルガ・セルクル型の悪魔を召喚{nl}[取引不可]	[그리모어 장착 효과] 서모닝 사용 시 마군주 헬가 세르클 형태의 악마 소환{nl}[거래 불가]				
INTL_20190426_000340	[グリモワール装着効果] サモニング使用時、魔将レキシファー型の悪魔を召喚{nl}[取引不可]	[그리모어 장착 효과] 서모닝 사용 시 마군주 렉시퍼 형태의 악마 소환{nl}[거래 불가]				
INTL_20190426_000341	[グリモワール装着効果] サモニング使用時、魔将ミルティス型の悪魔を召喚{nl}[取引不可]	[그리모어 장착 효과] 서모닝 사용 시 마군주 미르티스 형태의 악마 소환{nl}[거래 불가]				
INTL_20190426_000342	[グリモワール装着効果] サモニング使用時、魔将フロスターロッドの姿をした悪魔を召喚{nl}[取引不可]	[그리모어 장착 효과] 서모닝 사용 시 마군주 프로스터 로드 형태의 악마 소환{nl}[거래 불가]				
INTL_20190426_000343	使用すると以下のアイテムの中からひとつを選んで獲得することができます。{nl} - 魔将マルノックスカード[取引不可]1個{nl} - 魔将ブルッドカード[取引不可]1個{nl} - 魔将ジャウラカード[取引不可]1個{nl} - 魔将ヌアエーレカード[取引不可]1個{nl} - 魔将ヘルガ・セルクルカード[取引不可]1個{nl} - 魔将レキシファーカード[取引不可]1個{nl} - 魔将ミルティスカード[取引不可]1個{nl} - 魔将フロスターロッドカード[取引不可]1個	사용 시 아래의 구성물 중 하나를 선택해 획득할 수 있습니다.{nl} - 마군주 마르녹스 카드 [거래 불가] 1개{nl} - 마군주 블룻 카드 [거래 불가] 1개{nl} - 마군주 자우라 카드 [거래 불가] 1개{nl} - 마군주 누아엘레 카드 [거래 불가] 1개{nl} - 마군주 헬가 세르클 카드 [거래 불가] 1개{nl} - 마군주 렉시퍼 카드 [거래 불가] 1개{nl} - 마군주 미르티스 카드 [거래 불가] 1개{nl} - 마군주 프로스터 로드 카드 [거래 불가] 1개				
INTL_20190507_000344	HPポーション(1日)	HP 포션 (1일)				
INTL_20190507_000345	HPを40%即時に回復させ2秒間隔で11秒間HPを40%回復します。マウス右クリックで使います。クールタイム20秒。	HP를 40% 즉시 회복시키고 2초 간격으로 11초 동안 HP를 40% 회복 시켜줍니다. 마우스 오른쪽 클릭으로 사용합니다. 재사용 대기시간 20초.				
INTL_20190507_000346	HPポーション(7日)	HP 포션 (7일)				
INTL_20190507_000347	SPを40%即時に回復させ2秒間隔で11秒間SPを40%回復します。マウス右クリックで使います。クールタイム20秒。	SP를 40% 즉시 회복시키고 2초 간격으로 11초 동안 SP를 40% 회복 시켜줍니다. 마우스 오른쪽 클릭으로 사용합니다. 재사용 대기시간 20초.				
INTL_20190507_000348	SPポーション(1日)	SP 포션 (1일)				
INTL_20190507_000349	SPポーション(7日)	SP 포션 (7일)				
INTL_20190530_000350	フェディミアンの薔薇キューブ(男)	페디미안의 장미 큐브(남자)				
INTL_20190530_000351	フェディミアンの薔薇キューブ(女)	페디미안의 장미 큐브(여자)				
INTL_20190530_000352	フェディミアンの薔薇キューブ(男)x10+1	페디미안의 장미 큐브(남자) x10+1				
INTL_20190530_000353	フェディミアンの薔薇キューブ(女)x10+1	페디미안의 장미 큐브(여자) x10+1				
INTL_20190607_000354	使用すると以下のアイテムを獲得することができます。{nl} - 暗黒パッケージ{nl} - 暗黒カード&ジェムパッケージ{nl} - レジェンドカード(魔将)選択パッケージ	마우스 우클릭 시 사용되며 구성물을 획득할 수 있습니다.{nl} - 어둠의 기운 패키지{nl} - 어둠의 카드와 젬 패키지{nl} - 레전드 카드(마군주) 선택 패키지				
INTL_20190619_000355	スタリーナイトキューブ(男)	스타리나이트큐브(남자)				
INTL_20190619_000356	スタリーナイトキューブ(女)	스타리나이트큐브(여자)				
INTL_20190619_000357	スタリーナイトキューブ(男)x10+1	스타리나이트큐브(남자) x10+1				
INTL_20190619_000358	スタリーナイトキューブ(女)x10+1	스타리나이트큐브(여자) x10+1				
INTL_20190620_000359	イベント期間外です。	이벤트 기간이 아닙니다.				
INTL_20190628_000360	使用するとクラス変更ポイントを3,000ポイント獲得できます。{nl}保有できるクラス変更ポイントは3,000ポイントまでとなり、超過したポイントは失われます。{nl}8月21日のメンテナンスにて削除されます。	클래스 변경 포인트가 3,000 증가합니다.{nl}클래스 변경 포인트는 3,000까지 누적되며 초과하는 포인트는 사라집니다.				
INTL_20190704_000361	サポ生ブースト	부스트 이벤트				
INTL_20190704_000362	ルーティングチャンス +1000{nl}移動速度 +3	루팅 찬스 +1000 증가{nl}이동속도 +3				
INTL_20190724_000363	2019サマーキューブ(男)	2019 서머 큐브(남자)				
INTL_20190724_000364	2019サマーキューブ(女)	2019 서머 큐브(여자)				
INTL_20190724_000365	2019サマーキューブ(男)x10+1	2019 서머 큐브(남자) x10+1				
INTL_20190724_000366	2019サマーキューブ(女)x10+1	2019 서머 큐브(여자) x10+1				
INTL_20190730_000367	特別ログイン報酬イベントヘルパー	특별 접속 보상 이벤트 도우미				
INTL_20190730_000368	イベント期間中特別なアイテムを獲得することができます。	이벤트 기간동안 특별한 아이템을 획득할 수 있습니다.				특별 접속 보상 이벤트 도우미
INTL_20190814_000369	ラッキーセブンキューブ	럭키 샤드 패키지				
INTL_20190814_000370	ラッキーキューブ	느낌있는 럭키 샤드 패키지				
INTL_20190814_000371	クラス変更権Lv.4(1日){nl}ステータス初期化ポーション(1日){nl}イベント期間中毎日3個ずつ支援して差し上げています。	클래스 변경권 Lv.4 (1일){nl}스탯 초기화 포션 (1일){nl}이벤트 기간 동안 매일 3개씩 지원해드리고 있습니다.				초기화 지원 도우미
INTL_20190816_000372	現在、イベント掲示板から進行できるイベントはありません。	현재 이벤트 알림판에서 진행중인 이벤트가 없습니다.				이벤트 알림판
INTL_20190822_000373	わくわくキャンプキューブ(男)	두근두근 캠프 큐브(남자)				
INTL_20190822_000374	わくわくキャンプキューブ(男)x10+1	두근두근 캠프 큐브(남자) x10 + 1				
INTL_20190822_000375	わくわくキャンプキューブ(女)	두근두근 캠프 큐브(여자)				
INTL_20190822_000376	わくわくキャンプキューブ(女)x10+1	두근두근 캠프 큐브(여자) x10 + 1				
INTL_20190822_000377	ビギニング武器選択ボックス	To Begin:무기 상자				
INTL_20190822_000378	ウェイクアップパッケージ：武器	웨이크업: 어드밴스				
INTL_20190822_000379	ウェイクアップパッケージ：育成	웨이크업: 러너 패키지				
INTL_20190823_000380	ビギニング武器選択ボックスを使った啓示者だけ獲得することができる専用武器です。 キャラクターのレベルによって400レベルまで成長します。	To Begin:무기 상자를 사용한 유저만 얻을 수 있는 전용 무기입니다. 주인의 레벨에 따라 400 레벨까지 성장합니다.				
INTL_20190829_000381	リシューカフェＴシャツ選択ボックス	리슈 카페 티셔츠 선택 상자				
INTL_20190829_000382	リシューカフェコラボのイベントアイテムです。 リシューうさぎの描かれたＴシャツコスチュームが入っている箱です。 マウス右クリックで使用できます。	리슈 카폐 콜라보 이벤트 아이템입니다. 리슈 카폐 티셔츠 코스튬이 들어있는 상자입니다. 마우스 오른쪽 버튼 클릭으로 사용합니다.				
INTL_20191120_000383	いつまでも幸せに暮らしましたとさ	Happy Ever After 수상자에게 지급되는 칭호입니다.				
INTL_20191120_000384	この素晴らしき世界	Wonderful ToS life 수상자에게 지급되는 칭호입니다.				
INTL_20191203_000385	Daemon State 記録可否[True:1, False:0]	Daemon State 기록 여부[True:1, False:0]				
INTL_20191203_000386	ZoneServerの FPSが 2フレーム 以下の時、トレーシングを収集する機能	ZoneServer의 FPS가 2프레임 이하일때 트레이싱 정보를 수집하는 기능				
INTL_20200121_000387	クラペダに配置されているクリスマスロイヤルボックスを開封し、下記アイテムの中からそれぞれ異なる確率で1つのアイテムを獲得することができます。[イベント]特性ポイント10,000 x1{nl}[イベント]特性ポイント1,000 x1{nl}[イベント]特性ポイント500 x1{nl}祝福が宿った種(14日) x5{nl}女神の彫像(14日) x5{nl}[イベント]ギルドクエスト報酬コイン：シルバー x1{nl}レイドポータルストーン x3{nl}2020年1月22日のメンテナンス時に一括削除されます。	클라페다에 위치한 크리스마스 로열 상자를 열어 아래 아이템 중 각기 다른 확률로 한 개의 아이템을 획득할 수 있습니다.{nl}[이벤트]특성 포인트 10,000 x1{nl}[이벤트]특성 포인트 1,000 x1{nl}[이벤트]특성 포인트 500 x1{nl}축복이 깃든 씨앗(14일) x5{nl}여신의 조각상(14일) x5{nl}[이벤트] 길드 퀘스트 보상 주화 : 은 x1{nl}레이드 포탈 스톤 x3{nl}19년 12월 26일 점검시, 일괄 삭제됩니다.				
INTL_20200121_000388	週末にだけ会話することができます。	주말에만 대화하실 수 있습니다.				
INTL_20200203_000389	 {nl}{CUBE} 使用回数 : {@st66d_y}{s18}{SUM}{/}{/}{nl}次に {@st66d_y}{s18}{COUNT}{/}{/}回使用すると {@st66d_y}{s18}{BOUNS}{/}{/}回目報酬を受け取ることができます。{nl}{@st66d_y}{s18}{REWARD}{/}{/} 回目報酬を受け取れます。{nl}受領しますか？	 {nl}{CUBE} 사용 횟수 : {@st66d_y}{s18}{SUM}{/}{/}{nl}앞으로 {@st66d_y}{s18}{COUNT}{/}{/}회 사용시 {@st66d_y}{s18}{BOUNS}{/}{/}회 보상을 받을 수 있습니다.{nl}{@st66d_y}{s18}{REWARD}{/}{/} 회 보상을 받을 수 있습니다.{nl}수령하시겠습니까?				
INTL_20200203_000390	 {nl}{CUBE} 使用回数 : {@st66d_y}{s18}{SUM}{/}{/}{nl}次に {@st66d_y}{s18}{COUNT}{/}{/}回使用すると {@st66d_y}{s18}{BOUNS}{/}{/}回目報酬を受け取ることができます。	 {nl}{CUBE}  사용 횟수 : {@st66d_y}{s18}{SUM}{/}{/}{nl}앞으로 {@st66d_y}{s18}{COUNT}{/}{/}회 사용시 {@st66d_y}{s18}{BOUNS}{/}{/}회 보상을 받을 수 있습니다.				
INTL_20200203_000391	ボーナスキューブ 	보너스 큐브				
INTL_20200311_000392	 {nl}希望する報酬を選択してください。	 {nl}원하는 보상을 선택해주세요.				
INTL_20200327_000393	{ds}{b}{#ffefd6}30分:{#fe7e00}10 POINT	{ds}{b}{#ffefd6}30분:{#fe7e00}10 POINT				
INTL_20200327_000394	{@st59}コンテンツ現況掲示板(F10){/}	{@st59}콘텐츠 현황판(F10){/}				
INTL_20200331_000395	POPOショップ100ポイント	포포샵 100 포인트 구매권				
INTL_20200331_000396	使用すると、POPOショップ100ポイントが追加されます。{nl} - 最大ポイントが超過した場合は使用できません。	사용 시 포포샵 100 포인트가 추가됩니다.{nl} - 최대 포인트가 초과될 경우 사용할 수 없습니다.{nl} - 포포샵 이벤트 기간중에만 사용할 수 있습니다.				
INTL_20200331_000397	POPOショップ500ポイント	포포샵 500 포인트 구매권				
INTL_20200331_000398	使用すると、POPOショップ500ポイントが追加されます。{nl} - 最大ポイントが超過した場合は使用できません。	사용 시 포포샵 500 포인트가 추가됩니다.{nl} - 최대 포인트가 초과될 경우 사용할 수 없습니다.{nl} - 포포샵 이벤트 기간중에만 사용할 수 있습니다.				
INTL_20200331_000399	POPOショップ1000ポイント	포포샵 1000 포인트 구매권				
INTL_20200331_000400	使用すると、POPOショップ1000ポイントが追加されます。{nl} - 最大ポイントが超過した場合は使用できません。	사용 시 포포샵 1000 포인트가 추가됩니다.{nl} - 최대 포인트가 초과될 경우 사용할 수 없습니다.{nl} - 포포샵 이벤트 기간중에만 사용할 수 있습니다.				
INTL_20200331_000401	POPOショップのイベント期間にのみ使用可能です。	포포샵 이벤트 기간에만 사용 가능합니다.				
INTL_20200331_000402	{MAX}ポイントを超過できません。	{MAX}포인트를 초과할 수 없습니다.				
INTL_20200515_000403	Title - マイフレンド チュチュ	Title - 내친구 츄파카브라				
INTL_20200515_000404	デザートチュチュが成長すると支給される称号です。右クリックで使用します。	사막 츄파카브라 성장 시 지급되는 칭호입니다. 마우스 오른쪽 클릭으로 사용합니다.				
INTL_20200806_000405	hwid, ipを確認後保護モード適用可否、1：使用 0：未使用	hwid, ip 확인 후 보호모드 적용 여부, 1:사용 0:안함				
INTL_20201118_000406	CashOut 適用選択、1：使用　0：使用しない	CashOut 적용 여부, 1:사용 0:안함				
INTL_20210125_000407	EP.13成長支援バフです。{nl}経験値 + 600%{nl}ルーティングチャンス + 300{nl}※450レベル未満のキャラクターにのみ適用されます。	EP.13 성장 지원 버프 입니다.{nl}경험치 + 600%{nl}루팅찬스 + 300{nl}※450레벨 미만의 캐릭터에만 적용됩니다.				
INTL_20210125_000408	[報酬用]輝くペンギンセットボックス	[보상용] 빛나는 펭귄 세트 상자				
INTL_20210125_000409	使用すると、次のアイテムを獲得します。{nl}－[ペンギン専用]コンパニオン経験値カードLv.400 1個{nl}－[報酬用]輝くペンギン選択ボックス 1個	사용 시 다음 아이템을 모두 획득합니다.{nl} - [펭귄전용] 컴패니언 경험치 카드 Lv.400 1개{nl} - [보상용] 빛나는 펭귄 선택 상자 1개				
INTL_20210125_000410	[報酬用]輝くペンギンセットボックス	[보상용] 빛나는 펭귄 선택 상자				
INTL_20210125_000411	使用すると、リストの中から好きなアイテムが支給されます。{nl} - 輝くベイビーペンギンの卵{nl} - 輝くアデリーペンギンの卵	사용 시 리스트 중 원하는 아이템이 지급됩니다.{nl} - 빛나는 아기 펭귄 알{nl} - 빛나는 아델리 펭귄 알				
INTL_20210125_000412	輝くアデリーペンギンの卵	빛나는 아델리 펭귄 알				
INTL_20210125_000413	輝くベイビーペンギンの卵	빛나는 아기 펭귄 알				
INTL_20210402_000414	[イチオシマスター]特性ポイント500	[당신의 마스터] 특성 포인트 500				
INTL_20210402_000415	[イチオシマスター]HP回復エリクサー(小)	[당신의 마스터] HP 회복 소형 엘릭서 				
INTL_20210402_000416	[イチオシマスター]SP回復エリクサー(小)	[당신의 마스터] SP 회복 소형 엘릭서 				
INTL_20210402_000417	[イベント]マスターコイン	[이벤트]  마스터 주화				
INTL_20210402_000418	[イチオシマスター]Lv10強化用カード	[당신의 마스터] Lv10 강화용 카드				
INTL_20210402_000419	[イチオシマスター]イベントエリクサーボックス	[당신의 마스터] 이벤트 엘릭서 상자				
INTL_20210402_000420	[イチオシマスター]傭兵団のコインクーポン：1,000	[당신의 마스터] 용병단 증표 쿠폰 : 1,000				
INTL_20210402_000421	[イチオシマスター]プレゼントボックス - S	[당신의 마스터] 선물상자 - S				
INTL_20210402_000422	[イチオシマスター]プレゼントボックス - A	[당신의 마스터] 선물상자 - A				
INTL_20210402_000423	[イチオシマスター]プレゼントボックス - B	[당신의 마스터] 선물상자 - B				
INTL_20210402_000424	[イチオシマスター]ルビーの金床	[당신의 마스터] 루비 모루				
INTL_20210402_000425	[イチオシマスター]サンドラの鑑定ルーペ	[당신의 마스터] 산드라의 감정 돋보기				
INTL_20210402_000426	[イチオシマスター]最高級緊急修理キット	[당신의 마스터] 최고급 긴급 수리 키트				
INTL_20210517_000427	薄紅花園	연홍화원